ESOL_logS,smiles
-0.974,OCC3OC(OCC2OC(OC(C#N)c1ccccc1)C(O)C(O)C2O)C(O)C(O)C3O 
-2.885,Cc1occc1C(=O)Nc2ccccc2
-2.579,CC(C)=CCCC(C)=CC(=O)
-6.618,c1ccc2c(c1)ccc3c2ccc4c5ccccc5ccc43
-2.232,c1ccsc1
-2.733,c2ccc1scnc1c2 
-6.545,Clc1cc(Cl)c(c(Cl)c1)c2c(Cl)cccc2Cl
-4.138,CC12CCC3C(CCc4cc(O)ccc34)C2CCC1O
-4.533,ClC4=C(Cl)C5(Cl)C3C1CC(C2OC12)C3C4(Cl)C5(Cl)Cl
-5.246,COc5cc4OCC3Oc2c1CC(Oc1ccc2C(=O)C3c4cc5OC)C(C)=C 
0.243,O=C1CCCN1
-4.063,Clc1ccc2ccccc2c1
-2.01,CCCC=C
-1.897,CCC1(C(=O)NCNC1=O)c2ccccc2
-5.45,CCCCCCCCCCCCCC
-1.585,CC(C)Cl
-1.027,CCC(C)CO
-2.03,N#Cc1ccccc1
-3.989,CCOP(=S)(OCC)Oc1cc(C)nc(n1)C(C)C
-3.096,CCCCCCCCCC(C)O
-6.627,Clc1ccc(c(Cl)c1)c2c(Cl)ccc(Cl)c2Cl 
-3.355,O=c2[nH]c1CCCc1c(=O)n2C3CCCCC3
-3.747,CCOP(=S)(OCC)SCSCC
-2.342,CCOc1ccc(NC(=O)C)cc1
-4.479,CCN(CC)c1c(cc(c(N)c1N(=O)=O)C(F)(F)F)N(=O)=O
-1.751,CCCCCCCO
-1.452,Cn1c(=O)n(C)c2nc[nH]c2c1=O
-1.974,CCCCC1(CC)C(=O)NC(=O)NC1=O
-6.553,ClC(Cl)=C(c1ccc(Cl)cc1)c2ccc(Cl)cc2
-2.608,CCCCCCCC(=O)OC
-3.633,CCc1ccc(CC)cc1
-4.367,CCOP(=S)(OCC)SCSC(C)(C)C
-4.229,COC(=O)Nc1cccc(OC(=O)Nc2cccc(C)c2)c1
-1.939,ClC(=C)Cl
-4.478,Cc1cccc2c1Cc3ccccc32
-1.103,CCCCC=O
-3.857,N(c1ccccc1)c2ccccc2
-3.297,CN(C)C(=O)SCCCCOc1ccccc1
-4.637,CCCOP(=S)(OCCC)SCC(=O)N1CCCCC1C
-3.904,CCCCCCCI
-4.685,c1c(Cl)cccc1c2ccccc2
-0.791,OCCCC=C
-0.527,O=C2NC(=O)C1(CCC1)C(=O)N2
-2.782,CC(C)C1CCC(C)CC1O 
-0.684,CC(C)OC=O
-1.678,CCCCCC(C)O
-3.012,CC(=O)Nc1ccc(Br)cc1
-3.005,c1ccccc1n2ncc(N)c(Br)c2(=O)
-4.248,COC(=O)C1=C(C)NC(=C(C1c2ccccc2N(=O)=O)C(=O)OC)C 
-3.342,c2c(C)cc1nc(C)ccc1c2 
-2.509,CCCCCCC#C
-2.421,CCC1(C(=O)NC(=O)NC1=O)C2=CCCCC2 
-5.568,c1ccc2c(c1)ccc3c4ccccc4ccc23
-3.419,CCC(C)n1c(=O)[nH]c(C)c(Br)c1=O 
-7.185,Clc1cccc(c1Cl)c2c(Cl)c(Cl)cc(Cl)c2Cl 
-2.281,Cc1ccccc1O
-3.631,CC(C)CCC(C)(C)C
-4.147,Cc1ccc(C)c2ccccc12
-5.931,Cc1cc2c3ccccc3ccc2c4ccccc14
-0.846,CCCC(=O)C
-8.304,Clc1cc(Cl)c(Cl)c(c1Cl)c2c(Cl)c(Cl)cc(Cl)c2Cl 
-1.545,CCCOC(=O)CC
-2.734,CC34CC(O)C1(F)C(CCC2=CC(=O)C=CC12C)C3CC(O)C4(O)C(=O)CO
-1.231,Nc1ccc(O)cc1
-2.321,O=C(Cn1ccnc1N(=O)=O)NCc2ccccc2
-6.269,OC4=C(C1CCC(CC1)c2ccc(Cl)cc2)C(=O)c3ccccc3C4=O
-3.233,CCNc1nc(Cl)nc(n1)N(CC)CC
-0.674,NC(=O)c1cnccn1
-2.198,CCC(Br)(CC)C(=O)NC(N)=O
-4.984,Clc1ccccc1c2ccccc2Cl 
-1.243,O=C2CN(N=Cc1ccc(o1)N(=O)=O)C(=O)N2 
-5.361,Clc2ccc(Oc1ccc(cc1)N(=O)=O)c(Cl)c2
-2.158,CC1(C)C2CCC1(C)C(=O)C2
-2.36,O=C1NC(=O)NC(=O)C1(CC=C)c1ccccc1
-1.899,CCCCC(=O)OCC
-1.817,CC(C)CCOC(=O)C
-4.153,O=C1N(COC(=O)CCCCC)C(=O)C(N1)(c2ccccc2)c3ccccc3
-5.762,Clc1cccc(c1)c2cc(Cl)ccc2Cl 
-1.949,CCCBr
-4.603,CCCC1COC(Cn2cncn2)(O1)c3ccc(Cl)cc3Cl
-2.087,COP(=S)(OC)SCC(=O)N(C)C=O
-1.24,Cc1ncnc2nccnc12
0.329,NC(=S)N
-3.035,Cc1ccc(C)cc1
-3.601,CCc1ccccc1CC
-4.215,ClC(Cl)(Cl)C(Cl)(Cl)Cl
-6.878,CC(C)C(C(=O)OC(C#N)c1cccc(Oc2ccccc2)c1)c3ccc(OC(F)F)cc3
-0.816,CCCN(=O)=O
-2.516,CC(C)C1CCC(C)CC1=O
-4.423,CCN2c1cc(Cl)ccc1NC(=O)c3cccnc23 
-3.322,O=N(=O)c1c(Cl)c(Cl)ccc1
-3.063,CCCC(C)C1(CC=C)C(=O)NC(=S)NC1=O 
-4.957,c1ccc2c(c1)c3cccc4cccc2c34
-1.354,CCCOC(C)C
-4.147,Cc1cc(C)c2ccccc2c1
-5.074,CCC(=C(CC)c1ccc(O)cc1)c2ccc(O)cc2 
-3.995,c1(C#N)c(Cl)c(C#N)c(Cl)c(Cl)c(Cl)1
-6.312,Clc1ccc(Cl)c(c1)c2ccc(Cl)c(Cl)c2
-1.826,C1OC1c2ccccc2 
-3.265,CC(C)c1ccccc1
-3.939,CC12CCC3C(CCC4=CC(=O)CCC34C)C2CCC1C(=O)CO
-4.438,c2(Cl)c(Cl)c(Cl)c1nccnc1c2(Cl) 
0.601,C1OC(O)C(O)C(O)C1O
-1.156,ClCCl
-4.1,CCc1cccc2ccccc12
-0.048,COC=O
-2.318,Oc1ccccc1N(=O)=O
-0.78,Cc1c[nH]c(=O)[nH]c1=O 
-1.891,CC(C)C
-0.834,OCC1OC(C(O)C1O)n2cnc3c(O)ncnc23
-4.615,Oc1c(I)cc(C#N)cc1I
-5.032,Oc1ccc(Cl)cc1C(=O)Nc2ccc(cc2Cl)N(=O)=O
-2.261,CCCCC
-1.991,c1ccccc1O
-3.789,Nc3ccc2cc1ccccc1cc2c3 
-1.05,Cn1cnc2n(C)c(=O)[nH]c(=O)c12 
-2.531,c1ccc2cnccc2c1
-5.106,COP(=S)(OC)SCC(=O)N(C(C)C)c1ccc(Cl)cc1
-4.22,CCCCCCc1ccccc1
-4.528,Clc1ccccc1c2ccccc2
-2.348,CCCC(=C)C
-3.276,CC(C)C(C)C(C)C
-5.168,Clc1cc(Cl)c(Cl)c(Cl)c1Cl
-2.318,Oc1cccc(c1)N(=O)=O
-3.781,CCCCCCCCC=C
-1.285,CC(=O)OCC(COC(=O)C)OC(=O)C
-3.57,CCCCc1c(C)nc(nc1O)N(C)C 
-6.84,CC1(C)C(C=C(Cl)Cl)C1C(=O)OC(C#N)c2ccc(F)c(Oc3ccccc3)c2
-1.481,c1ccncc1
-3.366,CCCCCCCBr
-2.067,Cc1ccncc1C
-3.172,CC34CC(O)C1(F)C(CCC2=CC(=O)CCC12C)C3CCC4(O)C(=O)CO 
-2.855,CCSCc1ccccc1OC(=O)NC 
-1.413,CCOC(=O)CC(=O)OCC
-3.429,CC1=CCC(CC1)C(C)=C
-3.057,C1Cc2ccccc2C1
-3.192,CC(C)(C)c1ccc(O)cc1
-0.088,O=C2NC(=O)C1(CC1)C(=O)N2 
-4.384,Clc1cccc(I)c1
-4.434,Brc1cccc2ccccc12
-2.076,CC/C=C/C
-2.098,Cc1cccc(C)n1
-2.312,ClC=C(Cl)Cl
-2.721,Nc1cccc2ccccc12
-3.035,Cc1cccc(C)c1
-1.404,Oc2ncc1nccnc1n2
0.441,CO
-2.312,CCC1(CCC(C)C)C(=O)NC(=O)NC1=O
-0.491,CCC(=O)C
-0.792,Fc1c[nH]c(=O)[nH]c1=O 
-0.892,Nc1ncnc2n(ccc12)C3OC(CO)C(O)C3O 
-1.59,Oc1cccc(O)c1
-1.397,CCCCCCO
-2.294,CCCCCCl
-1.376,C=CC=C
-1.125,CCCOC(=O)C
-3.086,Oc2ccc1CCCCc1c2 
-0.106,NC(=O)CCl 
-6.148,COP(=S)(OC)Oc1cc(Cl)c(I)cc1Cl
-3.297,Cc1ccc(Cl)cc1
-2.324,CSc1nnc(c(=O)n1N)C(C)(C)C
-6.39,Cc1ccc(OP(=O)(Oc2cccc(C)c2)Oc3ccccc3C)cc1
-1.457,CCCCCC=O
-3.039,CCCCOC(=O)c1ccc(N)cc1
-3.049,O2c1cc(C)ccc1N(C)C(=O)c3cc(N)cnc23 
-2.603,CC(C)=CCC/C(C)=C\CO
-5.142,Clc1ccc(cc1)c2ccccc2Cl 
-4.84,O=C1N(COC(=O)CCCCCCC)C(=O)C(N1)(c2ccccc2)c3ccccc3
-0.462,CCN(=O)=O
-5.063,CCN(CC(C)=C)c1c(cc(cc1N(=O)=O)C(F)(F)F)N(=O)=O
-4.546,Clc1ccc(Cl)c(Cl)c1Cl
-1.376,CCCC(C)(COC(N)=O)COC(N)=O 
-4.342,CC(=O)C3CCC4C2CC=C1CC(O)CCC1(C)C2CCC34C 
-1.646,CI
-1.532,CC1CC(C)C(=O)C(C1)C(O)CC2CC(=O)NC(=O)C2 
-4.496,O=C1N(COC(=O)CCCCCC)C(=O)C(N1)(c2ccccc2)c3ccccc3
-2.015,CC1=CC(=O)CC(C)(C)C1 
-1.958,O=C1NC(=O)NC(=O)C1(CC)C(C)CC
-2.329,CCCCC(=O)CCCC
-2.591,CCC1(CCC(=O)NC1=O)c2ccccc2 
-2.6,CCC(C)CC
-6.896,CCOc1ccc(cc1)C(C)(C)COCc3cccc(Oc2ccccc2)c3
-3.881,Cc1ccccc1n3c(C)nc2ccccc2c3=O
-0.448,ClCC#N
-5.225,CCOP(=S)(CC)Oc1cc(Cl)c(Cl)cc1Cl
-3.858,CC12CCC(=O)C=C1CCC3C2CCC4(C)C3CCC4(O)C#C 
-0.619,c1ccnnc1
-4.621,Clc1cc(Cl)c(Cl)c(Cl)c1
-5.681,C1C(O)CCC2(C)CC3CCC4(C)C5(C)CC6OCC(C)CC6OC5CC4C3C=C21
-1.465,Nc1ccccc1O
-3.316,CCCCCCCCC(=O)OCC
-2.87,COCC(=O)N(C(C)C(=O)OC)c1c(C)cccc1C 
-2.409,CNC(=O)Oc1ccccc1OC(C)C
-1.94,CCC(C)Cl
-3.08,Oc1ccc2ccccc2c1
-5.265,CC(C)Oc1cc(c(Cl)cc1Cl)n2nc(oc2=O)C(C)(C)C
-1.801,CCCCC#C
-2.864,CCCCCCCC#C
-3.297,Cc1ccccc1Cl
-1.281,CC(C)OC(C)C
-2.464,Nc1ccc(cc1)S(=O)(=O)c2ccc(N)cc2
0.543,CNN
-0.672,CC#C
-4.557,CCOP(=S)(OCC)ON=C(C#N)c1ccccc1
-2.826,CCNP(=S)(OC)OC(=CC(=O)OC(C)C)C
-0.184,C=CC=O
-0.656,O=c1[nH]cnc2nc[nH]c12 
-2.725,Oc2ccc1ncccc1c2 
-2.514,Fc1ccccc1
-1.585,CCCCl
-0.77,CCOC(=O)C
-2.938,CCCC(C)(C)C
-3.993,Cc1cc(C)c(C)c(C)c1C
-2.579,CC12CCC(CC1)C(C)(C)O2 
-4.726,CCCCOC(=O)CCCCCCCCC(=O)OCCCC
-5.299,Clc1ccc(cc1)c2ccc(Cl)cc2 
-2.067,Cc1cccnc1C
-2.042,CC(=C)C1CC=C(C)C(=O)C1
-5.828,CCOP(=S)(OCC)SCSc1ccc(Cl)cc1
-3.292,COc1cc(cc(OC)c1O)C6C2C(COC2=O)C(OC4OC3COC(C)OC3C(O)C4O)c7cc5OCOc5cc67
-6.007,c1cc2cccc3c4cccc5cccc(c(c1)c23)c54
-2.604,Cc1ccc(cc1N(=O)=O)N(=O)=O
-4.434,c1c(Br)ccc2ccccc12 
-1.846,CNC(=O)Oc1cccc(N=CN(C)C)c1
-1.589,COc2cnc1ncncc1n2
-3.397,Cc3ccnc4N(C1CC1)c2ncccc2C(=O)Nc34 
-3.76,CCOP(=S)(OCC)Oc1nc(Cl)n(n1)C(C)C
-1.714,CC(=C)C=C
-2.399,CC(C)=CCCC(O)(C)C=C
-4.265,COP(=S)(OC)Oc1ccc(SC)c(C)c1
-1.261,OC1CCCCC1
-1.013,O=C1NC(=O)NC(=O)C1(C)CC=C
-3.882,CC34CCC1C(CCC2CC(O)CCC12C)C3CCC4=O
0.647,OCC(O)C(O)C(O)C(O)CO 
-4.424,Cc1ccc(cc1)c2ccccc2
-3.069,CCNc1nc(Cl)nc(NC(C)C)n1
-1.701,NC(=S)Nc1ccccc1
-1.62,CCCC(=O)CCC
-1.25,CC(=O)C(C)(C)C
-2.761,Oc1ccc(Cl)cc1
-0.996,O=C1CCCCC1
-1.954,Cc1cccc(N)c1
-2.019,ClC(Cl)(Cl)C#N
-4.029,CNc2cnn(c1cccc(c1)C(F)(F)F)c(=O)c2Cl
-2.617,CCCCCCCCC(=O)C
-3.497,CCN(CC)c1nc(Cl)nc(NC(C)C)n1
-2.383,CCOC(=O)c1ccc(N)cc1
-4.083,Clc1ccc(Cl)c(Cl)c1
-3.948,Cc3nnc4CN=C(c1ccccc1Cl)c2cc(Cl)ccc2n34
-1.635,Oc1ccccc1O
-2.794,CCN2c1ncccc1N(C)C(=O)c3cccnc23 
-0.758,CSC
-3.667,Cc1ccccc1Br
-0.218,CCOC(=O)N
-4.417,CC(=O)OC3(CCC4C2C=C(C)C1=CC(=O)CCC1(C)C2CCC34C)C(C)=O 
-1.647,CC(C)C(O)C(C)C
-3.468,c1ccc2ccccc2c1
-2.389,CCNc1ccccc1
-3.057,O=C1NC(=O)C(N1)(c2ccccc2)c3ccccc3
-6.297,Cc1c2ccccc2c(C)c3ccc4ccccc4c13
-5.026,CCOP(=S)(OCC)SC(CCl)N1C(=O)c2ccccc2C1=O
-5.538,COc1ccc(cc1)C(c2ccc(OC)cc2)C(Cl)(Cl)Cl
-5.462,Fc1cccc(F)c1C(=O)NC(=O)Nc2cc(Cl)c(F)c(Cl)c2F 
-3.81,O=C1N(COC(=O)CCCC)C(=O)C(N1)(c2ccccc2)c3ccccc3
-2.671,CN(C)C(=O)Nc1ccc(Cl)cc1
-3.569,OC(Cn1cncn1)(c2ccc(F)cc2)c3ccccc3F
-3.876,CC(=O)OCC(=O)C3(O)C(CC4C2CCC1=CC(=O)C=CC1(C)C2(F)C(O)CC34C)OC(C)=O 
-2.303,CCCCBr
-6.001,Brc1cc(Br)c(Br)cc1Br
-1.184,CC(C)CC(=O)C
-3.35,CCSC(=O)N(CC)C1CCCCC1 
-3.057,COc1ccc(Cl)cc1
-7.44,CC1(C)C(C=C(Br)Br)C1C(=O)OC(C#N)c2cccc(Oc3ccccc3)c2
-2.06,CCC(C)C1(CC=C)C(=O)NC(=O)NC1=O
-3.845,COP(=S)(OC)Oc1ccc(N(=O)=O)c(C)c1
-4.889,Ic1cccc2ccccc12
0.647,OCC(O)C(O)C(O)C(O)CO
-0.968,CCS
-1.961,ClCC(Cl)Cl
-3.141,CN(C)C(=O)Oc1cc(C)nn1c2ccccc2
-1.942,NC(=O)c1ccccc1O
-2.589,Cc1ccccc1N(=O)=O
-1.942,O=C1NC(=O)NC(=O)C1(C(C)C)C(C)C
-3.296,CCc1ccccc1C
-3.003,CCCCCCCCl
-1.265,O=C1NC(=O)NC(=O)C1(CC)CC
-4.301,C(Cc1ccccc1)c2ccccc2
-2.549,ClC(Cl)C(Cl)Cl
-4.228,CCN2c1cc(OC)cc(C)c1NC(=O)c3cccnc23 
-4.87,Cc1ccc2c(ccc3ccccc32)c1
-4.378,CCCCOC(=O)c1ccccc1C(=O)OCCCC 
-4.299,COc1c(O)c(Cl)c(Cl)c(Cl)c1Cl 
-2.426,CCN(CC)C(=O)C(=CCOP(=O)(OC)OC)Cl
-3.555,CC34CCC1C(=CCc2cc(O)ccc12)C3CCC4=O
-3.719,CCOC(=O)c1ccccc1S(=O)(=O)NN(C=O)c2nc(Cl)cc(OC)n2
-2.522,COc1ccc(cc1)N(=O)=O
-2.648,CCCCCCCl
-8.468,Clc1cc(c(Cl)c(Cl)c1Cl)c2cc(Cl)c(Cl)c(Cl)c2Cl
0.496,OCC1OC(CO)(OC2OC(COC3OC(CO)C(O)C(O)C3O)C(O)C(O)C2O)C(O)C1O
-9.702,CCCCCCCCCCCCCCCCCCCCCCCCCC
-3.471,CCN2c1ccccc1N(C)C(=O)c3cccnc23 
-1.576,CC(Cl)Cl
-0.954,Nc1ccc(cc1)S(N)(=O)=O
-5.306,CCCN(CCC)c1c(cc(cc1N(=O)=O)C(C)C)N(=O)=O
-4.009,ClC1C(Cl)C(Cl)C(Cl)C(Cl)C1Cl
-4.538,CCOP(=S)(NC(C)C)Oc1ccccc1C(=O)OC(C)C
-4.008,Clc1cccc(Cl)c1Cl
-2.607,ClC(Cl)(Cl)Cl
-3.448,O=N(=O)c1cc(Cl)c(Cl)cc1
-2.14,OC1CCCCCCC1
-4.073,CC1(O)CCC2C3CCC4=CC(=O)CCC4(C)C3CCC21C
-2.167,CCOc1ccc(NC(N)=O)cc1
-3.305,C/C1CCC(\C)CC1
-2.994,c1cnc2c(c1)ccc3ncccc23
-0.984,COC(C)(C)C
-3.254,COc1ccc(C=CC)cc1
-4.94,CCCCCCCCCCCCCCCCO
-0.441,O=c1cc[nH]c(=O)[nH]1 
-1.255,Nc1ncnc2nc[nH]c12 
-6.709,Clc1cc(Cl)c(cc1Cl)c2cccc(Cl)c2Cl 
-2.181,COc1ccc(cc1)C(O)(C2CC2)c3cncnc3 
-6.007,c1ccc2c(c1)c3cccc4c3c2cc5ccccc54
-3.611,O=C(Nc1ccccc1)Nc2ccccc2
-2.272,CCC1(C(=O)NC(=O)NC1=O)c2ccccc2 
-5.686,Clc1ccc(cc1)c2cccc(Cl)c2Cl 
-2.867,CC(C)c1ccc(NC(=O)N(C)C)cc1
-2.231,CCN(CC)C(=O)CSc1ccc(Cl)nn1
-1.365,CCC(C)(C)CO
-1.899,CCCOC(=O)CCC
-2.606,Cc1c(cc(cc1N(=O)=O)N(=O)=O)N(=O)=O
-4.99,CC(C)OP(=S)(OC(C)C)SCCNS(=O)(=O)c1ccccc1
-2.916,C1CCCCCC1
-0.757,CCCOC=O
-3.585,CC(C)c1ccccc1C
-2.392,Nc1cccc(Cl)c1
-2.938,CC(C)CC(C)C
-4.201,o1c2ccccc2c3ccccc13
-3.184,CCOC2Oc1ccc(OS(C)(=O)=O)cc1C2(C)C
-3.065,CN(C)C(=O)Nc1cccc(c1)C(F)(F)F
-3.846,c3ccc2nc1ccccc1cc2c3
-2.893,CC12CC(=O)C3C(CCC4=CC(=O)CCC34C)C2CCC1(O)C(=O)CO
0.501,OCC1OC(O)C(O)C(O)C1O
-2.313,Cc1cccc(O)c1
-4.345,CC2Cc1ccccc1N2NC(=O)c3ccc(Cl)c(c3)S(N)(=O)=O 
-4.731,CCC(C)C(=O)OC2CC(C)C=C3C=CC(C)C(CCC1CC(O)CC(=O)O1)C23 
-2.281,O=N(=O)c1ccc(cc1)N(=O)=O
-2.781,CCC1(C(=O)NC(=O)NC1=O)C2=CCC3CCC2C3
-3.671,CCCCCCCCCC(=O)OCC
-1.847,CN(C)C(=O)Nc1ccccc1
-1.072,CCCOCC
-0.261,CC(C)O
-3.802,Cc1ccc2ccccc2c1
-2.54,ClC(Br)Br
-4.854,CCC(C(CC)c1ccc(O)cc1)c2ccc(O)cc2
-3.391,CCOC(=O)CC(SP(=S)(OC)OC)C(=O)OCC
-2.887,ClCc1ccccc1
-0.604,C/C=C/C=O
-3.938,CON(C)C(=O)Nc1ccc(Br)c(Cl)c1
-5.228,Cc1c2ccccc2c(C)c3ccccc13
-1.899,CCCCCC(=O)OC
-3.831,CN(C)C(=O)Nc1ccc(c(Cl)c1)n2nc(oc2=O)C(C)(C)C
-2.181,CC(=O)Nc1ccc(F)cc1
-3.319,CCc1cccc(CC)c1N(COC)C(=O)CCl 
-2.16,C1CCC=CC1
-3.159,CC12CC(O)C3C(CCC4=CC(=O)CCC34C)C2CCC1(O)C(=O)CO
-0.884,c1cncnc1
-2.901,Clc1ccc(cc1)N(=O)=O
-0.836,CCC(=O)OC
-2.775,Clc1ccccc1N(=O)=O
-4.157,CCCCN(C)C(=O)Nc1ccc(Cl)c(Cl)c1
-2.398,CN1CC(O)N(C1=O)c2nnc(s2)C(C)(C)C
-2.288,O=N(=O)c1ccccc1
-3.8,Ic1ccccc1
-3.777,CC2Nc1cc(Cl)c(cc1C(=O)N2c3ccccc3C)S(N)(=O)=O 
-1.428,COc1ccccc1OCC(O)COC(N)=O
-4.347,CCCCOCN(C(=O)CCl)c1c(CC)cccc1CC 
-3.144,Oc1cccc(Cl)c1Cl
-1.191,CCCC(=O)OC
-3.644,CCC(=O)Nc1ccc(Cl)c(Cl)c1
-3.051,Nc3nc(N)c2nc(c1ccccc1)c(N)nc2n3
-2.254,CCCCCC(=O)OCC
-1.887,OCC(O)C2OC1OC(OC1C2O)C(Cl)(Cl)Cl 
-5.533,CN(C=Nc1ccc(C)cc1C)C=Nc2ccc(C)cc2C
-3.448,COc1nc(NC(C)C)nc(NC(C)C)n1
-3.073,CCCCCCC=C
-1.954,Cc1ccc(N)cc1
-1.226,Nc1nccs1 
-1.947,c1ccccc1(OC(=O)NC)
-1.324,CCCC(O)CC
-4.148,c3ccc2c(O)c1ccccc1cc2c3 
-4.87,Cc1ccc2cc3ccccc3cc2c1
-3.312,Cc1cccc(C)c1C
-2.677,CNC(=O)Oc1ccc(N(C)C)c(C)c1
-2.387,CCCCCCCC(C)O
-3.863,CN(C(=O)NC(C)(C)c1ccccc1)c2ccccc2
-1.266,CCCC(=O)CC
-3.793,Oc1c(Br)cc(C#N)cc1Br 
-5.223,Clc1ccc(cc1Cl)c2ccccc2 
-4.504,CN(C(=O)COc1nc2ccccc2s1)c3ccccc3
-2.725,Oc1cccc2ncccc12 
-2.927,CC1=C(SCCO1)C(=O)Nc2ccccc2
-3.085,CCOc2ccc1nc(sc1c2)S(N)(=O)=O 
-4.835,Oc1c(Cl)c(Cl)c(Cl)c(Cl)c1Cl
-1.519,ClCBr
-1.658,CCC1(CC)C(=O)NC(=O)N(C)C1=O 
-4.472,CC(=O)OCC(=O)C3CCC4C2CCC1=CC(=O)CCC1(C)C2CCC34C 
-1.509,NC(=O)NCc1ccccc1 
-3.048,CN(C)C(=O)Nc1ccc(C)c(Cl)c1
-3.581,CON(C)C(=O)Nc1ccc(Cl)c(Cl)c1
-1.7,OC1CCCCCC1
-1.936,CS(=O)(=O)c1ccc(cc1)C(O)C(CO)NC(=O)C(Cl)Cl 
-2.96,CCCC(C)C1(CC)C(=O)NC(=S)NC1=O 
-0.793,CC(=O)Nc1nnc(s1)S(N)(=O)=O 
-2.318,Oc1ccc(cc1)N(=O)=O
-5.511,ClC1=C(Cl)C2(Cl)C3C4CC(C=C4)C3C1(Cl)C2(Cl)Cl
-0.62,C1CCOC1
-2.277,Nc1ccccc1N(=O)=O
-6.079,Clc1cccc(c1Cl)c2cccc(Cl)c2Cl
-4.076,CCCCC1C(=O)N(N(C1=O)c2ccccc2)c3ccccc3 
-2.553,Cc1c(cccc1N(=O)=O)N(=O)=O
-4.17,CC(=O)C1CCC2C3CCC4=CC(=O)CCC4(C)C3CCC12C
-3.663,CCN(CC)c1nc(Cl)nc(n1)N(CC)CC
-4.365,ClC(Cl)C(Cl)(Cl)SN2C(=O)C1CC=CCC1C2=O 
-5.144,c1(Br)c(Br)cc(Br)cc1
-3.517,OC3N=C(c1ccccc1)c2cc(Cl)ccc2NC3=O 
-2.415,O=C1NC(=O)NC(=O)C1(C(C)CCC)CC=C
-3.224,c1(O)c(C)ccc(C(C)C)c1
-0.396,C1SC(=S)NC1(=O)
-2.731,Oc1ccc(c(O)c1)c3oc2cc(O)cc(O)c2c(=O)c3O 
-5.112,ClC1(C(=O)C2(Cl)C3(Cl)C14Cl)C5(Cl)C2(Cl)C3(Cl)C(Cl)(Cl)C45Cl
-3.862,CCN(CC)C(=S)SSC(=S)N(CC)CC
-2.477,C1CCCCC1
-7.848,ClC1=C(Cl)C(Cl)(C(=C1Cl)Cl)C2(Cl)C(=C(Cl)C(=C2Cl)Cl)Cl
-3.164,CN(C)C=Nc1ccc(Cl)cc1C
-3.927,CC34CCc1c(ccc2cc(O)ccc12)C3CCC4=O
-2.105,CCCCCCCCO
-1.598,CCSCC
-1.374,ClCCCl
-2.278,CCC(C)(C)Cl
-1.738,ClCCBr
-1.936,Nc1ccc(cc1)N(=O)=O
1.071,OCC1OC(OC2C(O)C(O)C(O)OC2CO)C(O)C(O)C1O
-3.125,CCN2c1ncccc1N(CC)C(=O)c3cccnc23 
-2.975,Clc1ccccc1
-3.427,CCCCCCCC=C
-4.754,Brc1ccc(I)cc1
-1.308,CCC(C)(O)CC
-3.899,CCCCCc1ccccc1
0.652,NC(=O)NC1NC(=O)NC1=O 
-5.052,OCC(O)COC(=O)c1ccccc1Nc2ccnc3cc(Cl)ccc23
-6.008,ClC(Cl)C(c1ccc(Cl)cc1)c2ccc(Cl)cc2
-4.449,CC(=O)OC3CCC4C2CCC1=CC(=O)CCC1(C)C2CCC34C 
-4.063,Clc1cccc2ccccc12
-4.007,CCN2c1ccccc1N(C)C(=O)c3ccccc23 
-1.324,CCCCC(C)O
-3.16,CCCC1CCCC1
-3.359,CCOC(=O)c1cncn1C(C)c2ccccc2
-3.352,Oc1ccc(Cl)c(Cl)c1
-6.775,CC1(C)C(C=C(Cl)Cl)C1C(=O)OC(C#N)c2cccc(Oc3ccccc3)c2
-2.214,c2ccc1ocnc1c2
-1.042,CCCCCO
-3.16,CCN(CC)c1ccccc1
-2.636,Fc1cccc(F)c1
-0.522,ClCCC#N 
-3.867,CC(C)(C)Cc1ccccc1
-2.272,O=C1NC(=O)NC(=O)C1(CC)c1ccccc1
-4.384,Clc1ccccc1I
-2.21,c2ccc1[nH]nnc1c2
-3.05,CNC(=O)Oc1cccc2CC(C)(C)Oc12
-2.589,Cc1cccc(C)c1O
-0.954,CC(C)C(C)O
-3.033,c1ccccc1C(O)c2ccccc2
-3.316,CCCCCCCCCC(=O)OC
-4.188,COP(=S)(OC)Oc1ccc(cc1Cl)N(=O)=O
-2.288,CC(C)CBr
-2.066,CCI
-2.34,CN(C)C(=O)Oc1nc(nc(C)c1C)N(C)C
-3.012,CCCCCCBr
-2.6,CCCC(C)C
-6.339,Cc1c(F)c(F)c(COC(=O)C2C(C=C(Cl)C(F)(F)F)C2(C)C)c(F)c1F
-3.431,CCc1cccc(C)c1N(C(C)COC)C(=O)CCl 
-1.843,ON=Cc1ccc(o1)N(=O)=O 
-8.057,CC(C)C(Nc1ccc(cc1Cl)C(F)(F)F)C(=O)OC(C#N)c2cccc(Oc3ccccc3)c2
-0.674,Nc1nc[nH]n1
-2.904,BrC(Br)Br
-1.866,COP(=O)(OC)C(O)C(Cl)(Cl)Cl
-5.024,CCOP(=S)(OCC)SCn1c(=O)oc2cc(Cl)ccc12
-1.699,OCc1ccccc1
-5.194,O=c2c(C3CCCc4ccccc43)c(O)c1ccccc1o2 
-3.132,Oc1ccc(Br)cc1
-1.949,CC(C)Br
-3.276,CC(C)CC(C)(C)C
-2.324,O=N(=O)c1cc(cc(c1)N(=O)=O)N(=O)=O
-3.557,CN2C(=O)CN=C(c1ccccc1)c3cc(ccc23)N(=O)=O
-1.553,CCC
-1.809,Nc1cc(nc(N)n1=O)N2CCCCC2 
-3.542,Nc2cccc3nc1ccccc1cc23 
-6.007,c1ccc2cc3c4cccc5cccc(c3cc2c1)c45
-6.268,OC(c1ccc(Cl)cc1)(c2ccc(Cl)cc2)C(Cl)(Cl)Cl
-3.792,C1Cc2cccc3cccc1c23
-5.026,CCOP(=S)(OCC)SC(CCl)N2C(=O)c1ccccc1C2=O
-4.298,Brc1ccc(Br)cc1
-3.601,Cn2c(=O)on(c1ccc(Cl)c(Cl)c1)c2=O
-3.701,Oc1ccc(cc1)c2ccccc2
-2.83,CC1=C(CCCO1)C(=O)Nc2ccccc2 
-0.857,CCOC=C
-1.092,CCC#C
-1.589,COc1ncnc2nccnc12 
-2.017,CCCCC(C)(O)CC
-3.558,Clc1ccc(Cl)cc1
-2.723,O=C1N(COC(=O)C)C(=O)C(N1)(c2ccccc2)c3ccccc3
-1.57,CSCS(=O)CC(CO)NC(=O)C=Cc1c(C)[nH]c(=O)[nH]c1=O
-2.981,Cc1c[nH]c2ccccc12 
-1.589,COc2ncc1nccnc1n2
-1.614,CNC(=O)Oc1ccccc1C2OCCO2
-1.508,C1N(C(=O)NCC(C)C)C(=O)NC1
0.152,CC#N
-4.662,CCOC(=O)NCCOc2ccc(Oc1ccccc1)cc2
-2.024,CC(=O)N(S(=O)c1ccc(N)cc1)c2onc(C)c2C 
-2.794,ClCC(Cl)(Cl)Cl
-0.688,CCCCO
-3.779,CC1CCCCC1NC(=O)Nc2ccccc2
-4.159,Clc1cc(Cl)cc(Cl)c1
-1.391,O=Cc1ccco1
-1.027,CC(C)CCO
-2.033,O=Cc2ccc1OCOc1c2 
-1.573,CC(=C)C
-1.999,O=Cc1ccccc1
-2.052,CC(=C)C(=C)C
-5.133,CCOC(=O)CCN(SN(C)C(=O)Oc1cccc2CC(C)(C)Oc21)C(C)C
-2.771,O2c1ccccc1N(C)C(=O)c3cccnc23 
-4.125,C1c2ccccc2c3ccccc13
-2.891,CC1CCCCC1
-0.706,NC(=N)NS(=O)(=O)c1ccc(N)cc1 
-2.441,COC(=O)c1ccc(O)cc1
-1.034,CC1CCCO1
-2.43,CC3C2CCC1(C)C=CC(=O)C(=C1C2OC3=O)C
-0.975,OCC2OC(Oc1ccccc1CO)C(O)C(O)C2O
-2.486,CCCI
-3.43,CCNc1nc(NC(C)C)nc(SC)n1
-0.334,CCCO
-3.876,CC(=O)C1(O)CCC2C3CCC4=CC(=O)CCC4(C)C3CCC21C
-0.97,CCCC(C)O
-3.148,OC(C(=O)c1ccccc1)c2ccccc2
-2.621,Cc1ccc(O)c(C)c1
-2.901,Clc1cccc(c1)N(=O)=O
-1.192,Cc2c(N)c(=O)n(c1ccccc1)n2C
-6.23,Clc1ccc(c(Cl)c1)c2cc(Cl)ccc2Cl 
-4.546,ClC(=C(Cl)C(=C(Cl)Cl)Cl)Cl
-3.75,CCNc1nc(NC(C)(C)C)nc(SC)n1
-1.308,CCC(C)CCO
-1.24,Cc2ncc1nccnc1n2
-4.557,CC23Cc1cnoc1C=C2CCC4C3CCC5(C)C4CCC5(O)C#C
-2.841,CCCCI
-4.434,Brc1ccc2ccccc2c1
-5.312,CC1OC(CC(O)C1O)OC2C(O)CC(OC2C)OC8C(O)CC(OC7CCC3(C)C(CCC4C3CC(O)C5(C)C(CCC45O)C6=CC(=O)OC6)C7)OC8C 
-3.099,FC(F)(F)c1ccccc1
-5.758,CCCCCCOC(=O)c1ccccc1C(=O)OCCCCCC
-4.597,c1ccc2c(c1)sc3ccccc23
-6.709,Clc1ccc(c(Cl)c1)c2ccc(Cl)c(Cl)c2Cl 
-7.192,Clc1ccc(c(Cl)c1Cl)c2ccc(Cl)c(Cl)c2Cl 
-3.913,CC(=O)CC(c1ccccc1)c3c(O)c2ccccc2oc3=O 
-2.645,c1ccccc1C(O)C(O)c2ccccc2
-2.347,COC(=O)c1ccccc1C(=O)OC
-2.962,CCCCCCCC(=O)OCC
-2.364,CCSSCC
-0.833,CCOCCOCC
-4.621,Clc1cc(Cl)c(Cl)cc1Cl
-2.613,Nc1ccc(cc1)c2ccc(N)cc2
-2.718,CCCCCC=C
-2.732,CCCCc1c(C)nc(NCC)[nH]c1=O
-2.312,O=C1NC(=O)NC(=O)C1(CC)C(C)CCC
-2.392,Nc1ccccc1Cl
-3.057,COc1cccc(Cl)c1
-3.131,CCCCN(CC)C(=O)SCCC
-1.111,CCCCOC=O
-2.974,CC12CC(O)C3C(CCC4=CC(=O)C=CC34C)C2CCC1(O)C(=O)CO
-2.176,BrC(Cl)Cl
-2.99,CC34CC(=O)C1C(CCC2=CC(=O)CCC12C)C3CCC4(=O) 
-5.741,c1ccc(cc1)c2ccc(cc2)c3ccccc3
-2.003,Oc1ccc(C=O)cc1
-1.109,CBr
-4.945,Cc1cc(ccc1NS(=O)(=O)C(F)(F)F)S(=O)(=O)c2ccccc2
-4.554,CC(=O)CC(c1ccc(Cl)cc1)c2c(O)c3ccccc3oc2=O
-4.1,CCc1ccc2ccccc2c1
-0.257,Nc1c(C)c[nH]c(=O)n1 
-6.785,Clc2c(Cl)c(Cl)c(c1ccccc1)c(Cl)c2Cl 
-4.245,c1c(NC(=O)c2ccccc2(I))cccc1
-1.865,Cc3cc2nc1c(=O)[nH]c(=O)nc1n(CC(O)C(O)C(O)CO)c2cc3C
-3.467,Fc1ccccc1Br
-3.22,Oc1ccc(Cl)cc1Cl
-7.129,CC1(C)C(C=C(Cl)Cl)C1C(=O)OCc2cccc(Oc3ccccc3)c2
-3.473,CN2C(=C(O)c1ccccc1S2(=O)=O)C(=O)Nc3ccccn3 
-3.128,O=C1N(COC(=O)CC)C(=O)C(N1)(c2ccccc2)c3ccccc3
-2.038,C1CCCC1
-1.922,Cc1ccccc1N
-3.074,c1(OC)ccc(CC=C)cc1
-2.655,CN(C)C(=O)Nc1cccc(OC(=O)NC(C)(C)C)c1 
-1.994,CC(C)C=C
-1.655,Oc1ccccn1
-1.132,CC
-3.482,Clc1ccccc1Cl
-3.411,Sc2nc1ccccc1s2 
-9.589,Clc1c(Cl)c(Cl)c(c(Cl)c1Cl)c2c(Cl)c(Cl)c(Cl)c(Cl)c2Cl 
-3.25,COc2c1occc1cc3ccc(=O)oc23 
0.494,CC(=O)N
-3.802,Cc1cccc2ccccc12
-4.088,CCN(CC)C(=O)C(C)Oc1cccc2ccccc12 
-1.292,CC(O)C(C)(C)C
-1.545,CCCC(=O)OCC
-2.667,CC2=CC(=O)c1ccccc1C2=O 
-4.518,c1ccc2c(c1)ccc3ccccc32
-2.098,Cc1ccnc(C)c1
-2.46,CCCCCCCCCO
-1.883,BrCBr
-3.4,CC1CC2C3CCC4=CC(=O)C=CC4(C)C3(F)C(O)CC2(C)C1(O)C(=O)CO
-4.147,Cc1ccc2cc(C)ccc2c1
-3.453,CCSC(=O)N(CC(C)C)CC(C)C
-2.029,O=N(=O)OCC(CON(=O)=O)ON(=O)=O 
-1.936,Nc1cccc(c1)N(=O)=O
-1.94,CCCCCl
-3.715,ClC(Cl)(Cl)C(NC=O)N1C=CN(C=C1)C(NC=O)C(Cl)(Cl)Cl 
-4.249,Cn2cc(c1ccccc1)c(=O)c(c2)c3cccc(c3)C(F)(F)F
-4.849,Nc3cc2c1ccccc1ccc2c4ccccc34 
-3.872,CC12CCC3C(CCc4cc(O)ccc34)C2CCC1=O
-4.227,CCN2c1ccccc1N(C)C(=S)c3cccnc23 
-0.358,CC1CO1
-3.473,O=C3CN=C(c1ccccc1)c2cc(ccc2N3)N(=O)=O
-1.028,CCNC(=S)NCC
-3.78,Oc1cc(Cl)cc(Cl)c1Cl
-1.545,CCCCC(=O)OC
-1.632,Nc1ccccc1
-4.147,Cc1cccc2c(C)cccc12
-1.72,NS(=O)(=O)c2cc1c(NCNS1(=O)=O)cc2Cl 
-3.682,C1=Cc2cccc3cccc1c23
-2.254,CCCCCOC(=O)CC
-3.185,CCNc1nc(NC(C)C)nc(OC)n1
-6.007,c1ccc2c(c1)cc3ccc4cccc5ccc2c3c45
-1.529,CCBr
-1.933,CCC#CCC
-6.114,CC1OC(CC(O)C1O)OC2C(O)CC(OC2C)OC8C(O)CC(OC7CCC3(C)C(CCC4C3CCC5(C)C(CCC45O)C6=CC(=O)OC6)C7)OC8C 
-1.994,CCC(=C)C
-2.725,Oc1cccc2cccnc12 
-3.447,C1CCc2ccccc2C1
-4.59,Oc1ccc(cc1)C2(OC(=O)c3ccccc23)c4ccc(O)cc4 
-5.27,Brc1cc(Br)cc(Br)c1
-5.247,COP(=S)(OC)Oc1cc(Cl)c(Cl)cc1Cl
-0.547,Cc1cc(=O)[nH]c(=S)[nH]1
-2.675,COc1cc(CC=C)ccc1O
-1.706,O=C1NC(=O)NC(=O)C1(C(C)C)CC=C
-4.957,c1cc2ccc3cccc4ccc(c1)c2c34
-0.899,CCOC(C)OCC
-3.077,CC1(C)CON(Cc2ccccc2Cl)C1=O
-0.775,CCCCOCCO
-5.098,Clc1c(Cl)c(Cl)c(N(=O)=O)c(Cl)c1Cl
-3.882,CC12CCC(O)CC1CCC3C2CCC4(C)C3CCC4=O
-4.749,FC(F)(F)c1cccc(c1)N2CC(CCl)C(Cl)C2=O
-2.663,c1ccc2ncccc2c1
-1.913,COC(=O)c1cc(O)c(O)c(O)c1 
-2.418,OC(Cn1cncn1)(Cn2cncn2)c3ccc(F)cc3F 
-2.679,Clc2ccc1oc(=O)[nH]c1c2
-7.898,Clc1ccc(c(Cl)c1)c2c(Cl)c(Cl)c(Cl)c(Cl)c2Cl
0.436,O=C1NC(=O)C(=O)C(=O)N1 
-1.618,ClCCCCl
-3.467,Fc1cccc(Br)c1
-3.928,Clc1ccc(Br)cc1
-2.584,CC(C)C(C)C
-1.655,CCC=C
-7.343,Clc1ccc(Cl)c(c1)c2cc(Cl)c(Cl)c(Cl)c2Cl
0.051,Nc1cc[nH]c(=O)n1 
-3.077,FC(F)(Cl)C(F)(Cl)Cl
-0.269,CCC#N
-6.008,ClC(Cl)C(c1ccc(Cl)cc1)c2ccccc2Cl 
-2.346,COc1ccccc1N(=O)=O
-3.564,CC34CCC1C(CC=C2CC(O)CCC12C)C3CCC4=O
-3.464,CC12CC2(C)C(=O)N(C1=O)c3cc(Cl)cc(Cl)c3
-6.446,c1cc2ccc3ccc4ccc5cccc6c(c1)c2c3c4c56
-3.715,CCC(C)c1cc(cc(N(=O)=O)c1O)N(=O)=O 
-0.825,c1c(OC)c(OC)C2C(=O)OCC2c1
0.688,OCC(O)CO
-1.941,COc1ccccc1O 
-4.972,CCOP(=S)(OCC)Oc1nc(Cl)c(Cl)cc1Cl 
-4.87,Cc1c2ccccc2cc3ccccc13
-1.733,Cc1cc(=O)n(c2ccccc2)n1C
-1.072,CCCCOC
-1.24,Cc2cnc1cncnc1n2
-2.811,CCNc1nc(Cl)nc(NCC)n1 
0.123,CN(C)C(=O)C
-2.689,CSc1nc(nc(n1)N(C)C)N(C)C
-0.815,C=C
-1.365,CC(C)(C)CCO
-1.368,O=C1NC(=O)NC(=O)C1(CC)CC=C
-3.705,Oc1ccc(Cl)c(Cl)c1Cl
-2.368,COc1ccccc1
-5.093,c1ccc(Cl)cc1C(c2ccc(Cl)cc2)(O)C(=O)OC(C)C
-3.066,CC13CCC(=O)C=C1CCC4C2CCC(C(=O)CO)C2(CC(O)C34)C=O 
-3.928,COc2ccc(Oc1ccc(NC(=O)N(C)C)cc1)cc2
-3.328,CCc1ccc(C)cc1
-2.162,CC(C)SC(C)C
-2.281,O=N(=O)c1cccc(c1)N(=O)=O
-5.471,CCOP(=S)(OCC)SCSP(=S)(OCC)OCC
-1.603,CCC1(C(C)C)C(=O)NC(=O)NC1=O 
-3.426,CC(=O)OCC(=O)C3(O)CCC4C2CCC1=CC(=O)CCC1(C)C2C(=O)CC34C 
-0.859,Cc1ncc(N(=O)=O)n1CCO
-2.392,Nc1ccc(Cl)cc1
-1.719,CCCC(C)(C)CO
-1.837,c1ccoc1
-3.259,COCCCNc1nc(NC(C)C)nc(SC)n1
-2.47,CN(C)C(=O)NC1CC2CC1C3CCCC23
-3.554,CC(C)(C)c1ccccc1
-2.645,CC(=O)CCC1C(=O)N(N(C1=O)c2ccccc2)c3ccccc3
-3.507,CC(=O)OCC(=O)C3(O)CCC4C2CCC1=CC(=O)C=CC1(C)C2C(O)CC34C 
-0.718,CCCOC
-1.191,CC(C)OC(=O)C
-3.345,Brc1ccccc1
-2.761,CCOC(=O)c1ccc(O)cc1
-3.469,O=C1N(COC(=O)CCC)C(=O)C(N1)(c2ccccc2)c3ccccc3
-4.87,CCC(=O)OC3CCC4C2CCC1=CC(=O)CCC1(C)C2CCC34C 
-6.885,c1cc2ccc3ccc4ccc5ccc6ccc1c7c2c3c4c5c67
-0.84,O=c1[nH]cnc2[nH]ncc12 
-1.188,ClC=C
-3.147,CN(C)C(=O)C(c1ccccc1)c2ccccc2 
-4.063,BrC(Br)(Br)Br
-4.408,CCN2c1cc(N(C)C)cc(C)c1NC(=O)c3cccnc23 
-1.882,O=C1NC(=O)c2ccccc12 
-4.108,OC(c1ccc(Cl)cc1)(c2cncnc2)c3ccccc3Cl
-2.462,COC(=O)c1ccccc1
-0.375,Cn1ccc(=O)[nH]c1=O
-3.739,CCCCC1C(=O)N(N(C1=O)c2ccc(O)cc2)c3ccccc3 
-6.155,Clc1ccc(Cl)c(c1)c2cccc(Cl)c2Cl 
-2.184,CCC2NC(=O)c1cc(c(Cl)cc1N2)S(N)(=O)=O
-3.301,CN(C)C(=O)Nc1ccc(Cl)c(Cl)c1
-1.72,C1CC=CC1
0.919,C1(=O)NC(=O)NC(=O)C1(O)C2(O)C(=O)NC(=O)NC2(=O)
-3.678,CCCCCCCCC
-2.553,Oc1ccccc1Cl
-5.931,c1cccc2c3c(C)cc4ccccc4c3ccc12
-2.66,CCOc1ccccc1
-3.098,CCOC(=O)C=Cc1ccccc1
-3.033,Cc1[nH]c(=O)n(c(=O)c1Cl)C(C)(C)C
-3.707,Clc1ccccc1C2=NCC(=O)Nc3ccc(cc23)N(=O)=O
-1.815,Cc1ccc(cc1)S(=O)(=O)N
-3.629,CC(OC(=O)Nc1cccc(Cl)c1)C#C
-3.308,CCCCCC(C)C
-6.905,CC1(C)C(C=C(Cl)C(F)(F)F)C1C(=O)OC(C#N)c2cccc(Oc3ccccc3)c2
-2.9,CCCC1C(=O)N3N(C1=O)c2cc(C)ccc2N=C3N(C)C 
-4.05,CN2C(=O)CN=C(c1ccccc1)c3cc(Cl)ccc23
-1.308,CCC(O)C(C)C
-3.283,CCOP(=S)(OCC)Oc1ccc(cc1)S(C)=O 
-2.423,CC1(C)C2CCC1(C)C(O)C2
-3.659,CC12CCC3C(CCC4=CC(=O)CCC34C)C2CCC1O
-2.97,CCCCCCC
-3.08,Oc1cccc2ccccc12
-3.305,C/C1CCCCC1\C
-3.958,COc2cc1c(N)nc(nc1c(OC)c2OC)N3CCN(CC3)C(=O)OCC(C)(C)O 
-5.942,C1Cc2c3c1cccc3cc4c2ccc5ccccc54
-4.593,CC(=O)C3(C)CCC4C2C=C(C)C1=CC(=O)CCC1(C)C2CCC34C
-1.554,CCCCCC(=O)C
-0.416,COP(=O)(NC(C)=O)SC 
-4.074,CCCCSP(=O)(SCCCC)SCCCC
-0.636,c1cC2C(=O)NC(=O)C2cc1
-2.98,NS(=O)(=O)c2cc1c(NC(NS1(=O)=O)C(Cl)Cl)cc2Cl 
-1.994,CC=C(C)C
-3.343,Cc1ccc(C)c(C)c1
-3.78,Oc1cc(Cl)c(Cl)cc1Cl
-3.713,c1ccc2c(c1)cnc3ccccc23 
-1.663,CCCC(C)(O)CC
-3.324,CCCCCCCC
-4.518,c1ccc2cc3ccccc3cc2c1
-1.866,NNc1ccccc1
-0.394,CCC=O
-3.355,C1CCCCCCC1
-1.471,O=C1NC(=O)NC(=O)C1(CC=C)CC=C
-1.812,ClC(Cl)Cl
-0.992,Sc1nccc(=O)[nH]1 
-5.126,Clc1ccc(CN(C2CCCC2)C(=O)Nc3ccccc3)cc1
-2.574,CC1=CCCCC1
-2.232,CCCCC(CC)C=O
-3.603,COc2c1occc1c(OC)c3c(=O)cc(C)oc23 
-2.312,O=C1NC(=O)NC(=O)C1(CC)CCC(C)C
-6.007,c1ccc2c3c(ccc2c1)c4cccc5cccc3c45
-1.523,CCC(CC)C=O
-1.426,CCCOCCC
-4.231,CCCCCCCCCCCCCCO
-3.572,Oc1c(Cl)ccc(Cl)c1Cl
0.832,NC(=O)N
-1.446,CCCC#C
-4.298,Brc1cccc(Br)c1
-5.649,CCCCCCCCCCCCCCCCCCO
-1.857,CC(=O)Nc1ccccc1
-1.795,c1cc(O)c(O)c2OCC3(O)CC4=CC(=O)C(O)=CC4=C3c21
-0.717,c1nccc(C(=O)NN)c1
-4.156,OC1C=CC2C1C3(Cl)C(=C(Cl)C2(Cl)C3(Cl)Cl)Cl 
-1.449,CC(C)CCOC=O
-2.078,CC(=O)c1ccccc1
-4.903,c2ccc1nc(ccc1c2)c4ccc3ccccc3n4 
-0.953,CCOP(=O)(OCC)OCC
-2.158,CC2(C)C1CCC(C)(C1)C2=O
-1.589,COc2cnc1cncnc1n2
-5.152,ClC2=C(Cl)C3(Cl)C1C=CCC1C2(Cl)C3(Cl)Cl 
-0.743,CC(C)N(=O)=O
-3.836,c1ccc2c(c1)[nH]c3ccccc32
0.675,OCC(O)C(O)CO
-2.709,CCCOC(=O)c1ccc(N)cc1
-0.949,CNC(=O)C=C(C)OP(=O)(OC)OC
0.282,O=C1CCC(=O)N1
-2.938,CCC(C)C(C)C
-3.493,CCCCc1c(C)nc(NCC)nc1OS(=O)(=O)N(C)C 
-3.411,CCN2c1ncccc1N(C)C(=S)c3cccnc23 
-3.784,O2c1ccccc1N(CC)C(=O)c3ccccc23 
-0.978,C1CCOCC1
-2.155,CCCCCC#C
-4.076,c1cc2ccc(OC)c(CC=C(C)(C))c2oc1=O 
-6.311,c1cc(C)cc2c1c3cc4cccc5CCc(c45)c3cc2
-2.775,CCOC(=O)c1ccccc1
-1.924,ClCC(C)C
-4.317,CC34CCC1C(CCc2cc(O)ccc12)C3CCC4(O)C#C 
-4.025,CCCCCCCCCCCC(=O)OC
-2.307,CCCSCCC
-5.568,c1ccc2cc3cc4ccccc4cc3cc2c1
-2.658,CCCCCBr
-2.784,CCCC/C=C/C
-0.859,Cc1ncc(N(=O)=O)n1CCO 
-3.869,CCCCCC1CCCC1
-7.261,Clc1ccc(Cl)c(c1)c2c(Cl)c(Cl)cc(Cl)c2Cl 
-1.603,O=C1NC(=O)NC(=O)C1(CC)C(C)C
-2.232,CC(Cl)(Cl)Cl
-2.948,CON(C)C(=O)Nc1ccc(Cl)cc1
-1.405,O=C2NC(=O)C1(CCCCC1)C(=O)N2
-2.304,CN(C)C(=O)OC1=CC(=O)CC(C)(C)C1 
-3.667,Cc1ccc(Br)cc1
-0.718,CCOCC
-4.004,CC(C)NC(=O)N1CC(=O)N(C1=O)c2cc(Cl)cc(Cl)c2
-5.205,CCCCN(CC)c1c(cc(cc1N(=O)=O)C(F)(F)F)N(=O)=O
-2.941,Cc1cc(C)c(O)c(C)c1
-2.418,c1ccccc1
-4.384,Clc1ccc(I)cc1
-2.683,COc1ccc(NC(=O)N(C)C)cc1Cl
-3.018,CC(C)N(C(=O)CCl)c1ccccc1 
-2.85,C=Cc1ccccc1
0.092,COCOC
-3.004,Cc1ccccc1C
-0.616,CCC(C)O
-1.59,Oc1ccc(O)cc1
-3.858,CC34CCC1C(CCc2cc(O)ccc12)C3CC(O)C4O 
-5.189,C1c2ccccc2c3cc4ccccc4cc13
0.603,O=C1CNC(=O)N1 
-3.493,c1(O)cc(O)ccc1CCCCCC
-2.045,C=CCS(=O)SCC=C
-5.04,CCOP(=S)(OCC)Oc2ccc1oc(=O)c(Cl)c(C)c1c2
-6.265,Cc1c(C)c2c3ccccc3ccc2c4ccccc14
-5.062,CCCCC(=O)OC3(C(C)CC4C2CCC1=CC(=O)C=CC1(C)C2(F)C(O)CC34C)C(=O)CO
-0.541,O=c2[nH]c(=O)c1[nH]c(=O)[nH]c1[nH]2 
-4.203,Oc1c(Cl)cc(Cl)c(Cl)c1Cl
-3.558,Clc1cccc(Cl)c1
-6.638,Clc1ccc(cc1)C(c2ccc(Cl)cc2)C(Cl)(Cl)Cl
-1.095,CC(C)COC=O
-2.87,c1ccccc1SC
-4.45,CCN2c1nc(C)cc(C(F)(F)F)c1NC(=O)c3cccnc23 
-2.615,CCCCCC
-1.621,COC(=O)c1cccnc1 
-3.741,NS(=O)(=O)c3cc2c(NC(Cc1ccccc1)NS2(=O)=O)cc3C(F)(F)F
-7.425,Clc1ccc(cc1Cl)c2cc(Cl)c(Cl)c(Cl)c2Cl 
-4.377,CC1(OC(=O)N(C1=O)c2cc(Cl)cc(Cl)c2)C=C
-2.49,CCNc1nc(Cl)nc(NC(C)(C)C#N)n1
-5.568,c1ccc2c(c1)c3ccccc3c4ccccc24
-4.775,CC=C(C(=CC)c1ccc(O)cc1)c2ccc(O)cc2
-7.117,CCCCC(CC)COC(=O)c1ccccc1C(=O)OCC(CC)CCCC
-2.051,CCc1ccccn1
-3.548,COP(=O)(OC)OC(Br)C(Cl)(Cl)Br
-4.079,c1ccc(cc1)c2ccccc2
-7.179,Clc1cc(Cl)c(c(Cl)c1)c2c(Cl)cc(Cl)cc2Cl 
-2.492,CN(C)c1nc(nc(n1)N(C)C)N(C)C
-1.647,CC(C)CC(C)(C)O
-1.844,O=C2NC(=O)C1(CCCCCC1)C(=O)N2 
0.471,OCC1OC(O)(CO)C(O)C1O
-2.652,Cc1cc(C)cc(O)c1
-4.16,ClCC#CCOC(=O)Nc1cccc(Cl)c1
-2.642,CC(=O)Nc1ccc(Cl)cc1
-7.898,Clc1ccc(Cl)c(c1)c2c(Cl)c(Cl)c(Cl)c(Cl)c2Cl
-2.584,CCC(C)(C)C
-2.097,CNc1ccccc1
-1.758,C=CCC=C
-3.692,CC(=O)OCC(=O)C1(O)CCC2C3CCC4=CC(=O)CCC4(C)C3C(O)CC21C
-2.818,Cc1cc(cc(N(=O)=O)c1O)N(=O)=O
-3.75,OC3N=C(c1ccccc1Cl)c2cc(Cl)ccc2NC3=O
-2.761,Oc1cccc(Cl)c1
-3.928,Clc1cccc(Br)c1
-1.752,NS(=O)(=O)c2cc1c(N=CNS1(=O)=O)cc2Cl 
-0.911,O=C1NC(=O)NC(=O)C1(C)CC
-1.761,OCCOc1ccccc1
-4.09,C(c1ccccc1)c2ccccc2
-2.033,CCCCCC(O)CC
-6.584,CCN(Cc1c(F)cccc1Cl)c2c(cc(cc2N(=O)=O)C(F)(F)F)N(=O)=O
-3.329,CC(C)Nc1nc(Cl)nc(NC(C)C)n1
-1.381,CCCC(C)CO
-1.663,CCCCC(C)(C)O
-2.988,CCc1ccccc1
-2.126,O=C1NC(=O)NC(=O)C1(CC)CC=C(C)C
-5.26,ClC1C=CC2C1C3(Cl)C(=C(Cl)C2(Cl)C3(Cl)Cl)Cl
-2.766,CCC(C)C1(CC(Br)=C)C(=O)NC(=O)NC1=O 
-6.15,CC1(C)C(C(=O)OC(C#N)c2cccc(Oc3ccccc3)c2)C1(C)C
-4.795,COC(C)(C)CCCC(C)CC=CC(C)=CC(=O)OC(C)C
-1.191,CCOC(=O)CC
-3.693,CSc1nc(NC(C)C)nc(NC(C)C)n1
-3.199,CC(C#C)N(C)C(=O)Nc1ccc(Cl)cc1
-4.116,Cc1cc2ccccc2cc1C
-5.762,Clc1ccc(cc1)c2cc(Cl)ccc2Cl 
-7.343,Clc1ccc(c(Cl)c1)c2cc(Cl)c(Cl)c(Cl)c2Cl 
0.361,NC(N)=NC#N 
-1.866,ClC(Cl)(Cl)N(=O)=O
-4.984,Clc1cccc(Cl)c1c2ccccc2 
-2.252,COc1ccc(C=O)cc1
-2.219,CC(=O)Nc1ccc(cc1)N(=O)=O
-2.608,CCCCCCC(=O)OCC
-1.495,CC(=O)Nc1ccc(O)cc1
-2.34,c2ccc1[nH]ncc1c2 
-3.928,CC5(C)OC4CC3C2CCC1=CC(=O)C=CC1(C)C2(F)C(O)CC3(C)C4(O5)C(=O)CO 
-0.67,Nc2nc1[nH]cnc1c(=O)[nH]2 
-0.416,COC(=O)C
-3.882,CC34CCC1C(CCC2CC(=O)CCC12C)C3CCC4O 
-1.199,CCCC(O)C=C
-4.238,OC(C1=CC2C5C(C1C2=C(c3ccccc3)c4ccccn4)C(=O)NC5=O)(c6ccccc6)c7ccccn7 
-2.135,CCCCOCCCC
-3.523,CCCCCCCCCCCCO
-3.335,CCN2c1nc(N(C)(CCO))ccc1NC(=O)c3cccnc23 
-1.308,CCCC(C)(C)O
-0.132,Nc1nc(=O)[nH]cc1F
-5.128,CCCCOc1ccc(C(=O)OCC)c(c1)N(CC)CC 
-2.017,CCCCCC(C)(C)O
-4.361,Cc1c(C)c(C)c(C)c(C)c1C
-3.129,CC(C)c1ccc(C)cc1O
-0.906,c2cnc1ncncc1n2
-3.949,CCOP(=S)(OCC)Oc1ccc(cc1)N(=O)=O
-0.636,C
-2.195,c2ccc1NCCc1c2 
-3.414,O=N(=O)c1cccc2ccccc12
-1.266,CCC(C)C(=O)C
-1.74,Nc1nc(O)nc2nc[nH]c12 
-7.877,OC(CC(c1ccccc1)c3c(O)c2ccccc2oc3=O)c4ccc(cc4)c5ccc(Br)cc5 
-0.042,CN(=O)=O
-4.578,CC(C)N(C(C)C)C(=O)SCC(Cl)=C(Cl)Cl
-2.112,C=CCCC=C
-2.654,c2ccc1[nH]ccc1c2
-3.393,CC34CCC1C(CCC2=CC(=O)CCC12C)C3CCC4=O
-2.364,CCCCC=C
-3.642,Cc1cccc(C)c1NC(=O)c2cc(c(Cl)cc2O)S(N)(=O)=O
-3.245,CCC1CCCCC1
-2.263,CCCCCCCC(=O)C
-4.118,COC(=O)Nc2nc1ccc(cc1[nH]2)C(=O)c3ccccc3
-3.544,CC(C)OC(=O)Nc1cccc(Cl)c1
-3.446,CCN2c1nc(Cl)ccc1N(C)C(=O)c3cccnc23 
-3.087,CNC(=O)Oc1cccc2ccccc12
-0.252,C#C
-2.098,Cc1cncc(C)c1
-1.842,C1C=CCC=C1
-3.738,CCOC(=O)N(C)C(=O)CSP(=S)(OCC)OCC
-1.919,CC(O)c1ccccc1
-1.794,CC(Cl)CCl
-2.081,CCCC=C(CC)C=O
-3.975,CCOP(=S)(OCC)SCCSCC
-4.863,CC(=O)OC3(C)CCC4C2CCC1=CC(=O)CCC1(C)C2CCC34C 
-5.604,Clc1ccc(cc1)c2c(Cl)cccc2Cl 
-4.692,Fc1cccc(F)c1C(=O)NC(=O)Nc2ccc(Cl)cc2
-5.645,Oc1cc(Cl)ccc1Oc2ccc(Cl)cc2Cl
-7.117,c1(C(=O)OCCCCCC(C)(C))c(C(=O)OCCCCCC(C)(C))cccc1
-3.454,CC12CC(O)C3C(CCC4=CC(=O)CCC34C)C2CCC1C(=O)CO
-3.375,Cc1cc(C)cc(C)c1
-7.148,CCCCCCCCOC(=O)c1ccccc1C(=O)OCCCCCCCC 
-4.586,CCCCCCCCCCCCCCCO
-5.915,Clc1cccc(Cl)c1c2c(Cl)cccc2Cl 
-0.556,O=C1NC(=O)NC(=O)C1(C)C
-2.486,CC(C)I
-2.281,O=N(=O)c1ccccc1N(=O)=O
-0.912,CC(C)C(=O)C
-6.159,CCCCCCCCCCCCCCCC
-2.579,CC12CCC(CC1)C(C)(C)O2
-2.868,Cc2cccc3sc1nncn1c23 
-1.909,CCCCCCC(=O)C
-2.962,CCCCCCCCC(=O)OC
-2.636,Fc1ccc(F)cc1
-1.944,O=C1N(C2CCC(=O)NC2=O)C(=O)c3ccccc13
-5.205,CCCN(CCC)c1c(cc(cc1N(=O)=O)C(F)(F)F)N(=O)=O
0.02,CCO
-0.966,O=C2NC(=O)C1(CCCC1)C(=O)N2
-2.29,c1c(NC(=O)OC(C)C(=O)NCC)cccc1
-6.763,CC(C)=CC3C(C(=O)OCc2cccc(Oc1ccccc1)c2)C3(C)C 
-2.629,CN(C)C(=O)NC1CCCCCCC1
-6.155,ClC1(C2(Cl)C3(Cl)C4(Cl)C5(Cl)C1(Cl)C3(Cl)Cl)C5(Cl)C(Cl)(Cl)C24Cl
-3.721,CCCCCCCCBr
-2.902,CCCCNC(=O)n1c(NC(=O)OC)nc2ccccc12
-2.129,CN(C)c2c(C)n(C)n(c1ccccc1)c2=O 
-0.97,CCC(O)CC
-2.64,Cc1ccc(cc1)N(=O)=O
-1.381,CC(C)CCCO
-2.669,CC34CCC1C(CCC2=CC(=O)CCC12O)C3CCC4(O)C#C
-5.833,CC(C)OC(=O)C(O)(c1ccc(Br)cc1)c2ccc(Br)cc2 
-2.603,Nc2cnn(c1ccccc1)c(=O)c2Cl
-0.954,CCC(C)(C)O
-2.313,Cc1ccc(O)cc1
-0.402,CCOC=O
-2.542,CN(C)c1ccccc1
-3.715,C1CCC2CCCCC2C1
-1.676,CCCCS
-6.007,c1ccc2c(c1)c3cccc4ccc5cccc2c5c43
-3.063,ClC(=C(Cl)Cl)Cl
-0.912,CCC(=O)CC
-0.354,C=CC#N
-3.539,CC1CC2C3CC(F)C4=CC(=O)C=CC4(C)C3(F)C(O)CC2(C)C1(O)C(=O)CO
-1.2,CCCCC(=O)C
-3.505,CCNc1nc(NC(C)(C)C)nc(OC)n1
-3.308,CCCCC(C)CC
-2.102,BrCCBr
-2.734,CNC(=O)Oc1ccccc1C(C)C
-1.948,O=C1NCCN1c2ncc(s2)N(=O)=O
-5.189,C1c2ccccc2c3ccc4ccccc4c13
-2.912,COc1ccccc1Cl
-5.604,COP(=S)(OC)Oc1cc(Cl)c(Br)cc1Cl
-3.988,ClC(Cl)CC(=O)NC2=C(Cl)C(=O)c1ccccc1C2=O
-6.008,ClC(Cl)C(c1ccc(Cl)cc1)c2ccc(Cl)cc2 
-0.878,COC(=O)C=C
-4.477,CN(C)C(=O)Nc2ccc(Oc1ccc(Cl)cc1)cc2
-4.034,N(=Nc1ccccc1)c2ccccc2
-3.617,CC(C)c1ccc(C)cc1
-3.012,Oc1c(Cl)cccc1Cl
0.31,OCC2OC(OC1(CO)OC(CO)C(O)C1O)C(O)C(O)C2O 
-0.887,OC1C(O)C(O)C(O)C(O)C1O
-0.847,Cn2c(=O)n(C)c1ncn(CC(O)CO)c1c2=O
-2.613,OCC(NC(=O)C(Cl)Cl)C(O)c1ccc(cc1)N(=O)=O
-1.663,CCC(O)(CC)CC
-4.545,CC45CCC2C(CCC3CC1SC1CC23C)C4CCC5O
-4.172,Brc1ccccc1Br
-3.648,Oc1c(Cl)cc(Cl)cc1Cl
-3.784,CCCN(CCC)c1c(cc(cc1N(=O)=O)S(N)(=O)=O)N(=O)=O
-3.663,C2c1ccccc1N(CCF)C(=O)c3ccccc23 
-1.752,CC(C)C(=O)C(C)C
-2.465,O=C1NC(=O)NC(=O)C1(C(C)C)CC=C(C)C
-1.292,c1c(O)C2C(=O)C3cc(O)ccC3OC2cc1(OC)
-1.498,Cn1cnc2n(C)c(=O)n(C)c(=O)c12
-3.842,CC(=O)SC4CC1=CC(=O)CCC1(C)C5CCC2(C)C(CCC23CCC(=O)O3)C45
-2.621,Cc1ccc(O)cc1C
-4.254,O(c1ccccc1)c2ccccc2
-7.343,Clc1cc(Cl)c(cc1Cl)c2cc(Cl)c(Cl)cc2Cl 
-0.964,NC(=O)c1cccnc1 
-2.758,Sc1ccccc1
-2.688,CNC(=O)Oc1cc(C)cc(C)c1
-6.039,ClC1CC2C(C1Cl)C3(Cl)C(=C(Cl)C2(Cl)C3(Cl)Cl)Cl
-1.524,CSSC
-1.501,NC(=O)c1ccccc1
-3.84,Clc1ccccc1Br
-1.493,COC(=O)c1ccccc1OC2OC(COC3OCC(O)C(O)C3O)C(O)C(O)C2O
-1.678,CCCCC(O)CC
-3.891,CCN2c1nc(C)cc(C)c1NC(=O)c3cccnc23 
-3.428,Oc1cc(Cl)cc(Cl)c1
-4.87,Cc1cccc2c1ccc3ccccc32
-2.089,CCCCC(CC)CO
-3.827,CC(C)N(C(C)C)C(=O)SCC(=CCl)Cl
-2.713,Cc1ccccc1
-3.833,Clc1cccc(n1)C(Cl)(Cl)Cl
-2.599,C1CCC=CCC1
-2.444,CN(C)C(=S)SSC(=S)N(C)C 
-3.328,COC1=CC(=O)CC(C)C13Oc2c(Cl)c(OC)cc(OC)c2C3=O
-2.814,CCCCCCCCCCO
-2.938,CCC(C)(C)CC
-1.446,CNC(=O)C(C)SCCSP(=O)(OC)(OC)
-4.335,Oc1cc(Cl)c(Cl)c(Cl)c1Cl
-0.749,CCCC=O
-3.933,CC4CC3C2CCC1=CC(=O)C=CC1(C)C2(F)C(O)CC3(C)C4(O)C(=O)COC(C)=O 
-1.907,CCCC
-1.941,COc1ccccc1O
-3.507,CC1CC2C3CCC(O)(C(=O)C)C3(C)CC(O)C2(F)C4(C)C=CC(=O)C=C14
-3.382,ClC(Cl)C(Cl)(Cl)Cl
-3.016,CCOC(=O)c1ccccc1C(=O)OCC
-0.672,CC(C)CO
-3.57,CC(C)Cc1ccccc1
-2.958,ICI
-1.678,CCCC(O)CCC
-1.833,CCCCCOC(=O)C
-4.203,Oc1c(Cl)c(Cl)cc(Cl)c1Cl
-3.281,CCCc1ccccc1
-2.697,FC(F)(Cl)C(F)(F)Cl
-0.604,CC=CC=O
-0.495,CN(C)C(=O)N(C)C 
-3.664,Cc1cc(C)c(C)cc1C
-4.241,CC(=O)OC3(CCC4C2CCC1=CC(=O)CCC1C2CCC34C)C#C
-3.992,CCOP(=S)(OCC)N2C(=O)c1ccccc1C2=O
-3.782,c1ccccc1NC(=O)c2c(O)cccc2
-3.254,CCN(CC)C(=S)SCC(Cl)=C
-1.165,ClCC
-3.165,CC(=O)Nc1cc(NS(=O)(=O)C(F)(F)F)c(C)cc1C
-3.659,O=C(C=CC=Cc2ccc1OCOc1c2)N3CCCCC3
-2.076,CC/C=C\C
-2.7,CNC(=O)ON=C(CSC)C(C)(C)C 
-2.284,O=C2NC(=O)C1(CCCCCCC1)C(=O)N2
-4.642,c1(C(C)(C)C)cc(C(C)(C)C)cc(OC(=O)NC)c1
-3.152,Oc2cc(O)c1C(=O)CC(Oc1c2)c3ccc(O)c(O)c3
-3.612,O=C(c1ccccc1)c2ccccc2
-7.576,CCCCCCCCCCCCCCCCCCCC
-3.492,N(Nc1ccccc1)c2ccccc2 
-1.381,CCC(CC)CO
-1.655,Oc1ccncc1
-1.561,Cl\C=C/Cl
-2.452,CC1CCCC1
-1.308,CC(C)CC(C)O
-3.125,O2c1ccc(N)cc1N(C)C(=O)c3cc(C)ccc23 
-1.011,CC(C)(C)CO
-4.132,CC(C)(C)C(=O)C(Oc1ccc(Cl)cc1)n2cncn2
-2.251,Cc1cc(no1)C(=O)NNCc2ccccc2
-1.235,CC=C
-4.924,Oc1ccc(Cl)cc1Cc2cc(Cl)ccc2O
-4.182,CCOC(=O)Nc2cccc(OC(=O)Nc1ccccc1)c2 
-3.34,O=C1c2ccccc2C(=O)c3ccccc13
-2.033,CCCCCCC(C)O
-2.169,CC1=C(C(=O)Nc2ccccc2)S(=O)(=O)CCO1
-3.585,CCCCc1ccccc1
1.091,O=C1NC(=O)C(=O)N1 
-6.678,COP(=S)(OC)Oc1ccc(Sc2ccc(OP(=S)(OC)OC)cc2)cc1
-2.564,NS(=O)(=O)c1cc(ccc1Cl)C2(O)NC(=O)c3ccccc23
-1.463,CC(C)COC(=O)C
-2.922,CC(C)C(C)(C)C
-7.746,Clc1ccc(c(Cl)c1Cl)c2c(Cl)cc(Cl)c(Cl)c2Cl 
-1.717,N#Cc1ccccc1C#N
-2.64,Cc1cccc(c1)N(=O)=O
-2.608,FC(F)(F)C(Cl)Br 
-0.908,CNC(=O)ON=C(SC)C(=O)N(C)C
-3.323,CCSCCSP(=S)(OC)OC
-2.245,CCC(C)C
-4.32,COP(=O)(OC)OC(=CCl)c1cc(Cl)c(Cl)cc1Cl
=O)=O
"2,2',3,3'-PCB",-6.079,1,291.99199999999996,0,2,1,0.0,-7.28,Clc1cccc(c1Cl)c2cccc(Cl)c2Cl
phenylbutazone,-4.0760000000000005,1,308.38100000000003,0,3,5,40.620000000000005,-3.81,CCCCC1C(=O)N(N(C1=O)c2ccccc2)c3ccccc3 
"2,6-Dinitrotoluene",-2.553,1,182.135,0,1,2,86.28,-3.0,Cc1c(cccc1N(=O)=O)N(=O)=O
Progesterone,-4.17,1,314.46900000000005,0,4,1,34.14,-4.42,CC(=O)C1CCC2C3CCC4=CC(=O)CCC4(C)C3CCC12C
Chlorazine,-3.6630000000000003,1,257.76899999999995,0,1,6,45.150000000000006,-4.4110000000000005,CCN(CC)c1nc(Cl)nc(n1)N(CC)CC
captafol,-4.365,1,349.06600000000014,0,2,3,37.38,-5.4,ClC(Cl)C(Cl)(Cl)SN2C(=O)C1CC=CCC1C2=O 
"1,2,4-tribromobenzene",-5.144,1,314.802,0,1,0,0.0,-4.5,c1(Br)c(Br)cc(Br)cc1
Oxazepam,-3.517,1,286.718,2,3,1,61.690000000000005,-3.952,OC3N=C(c1ccccc1)c2cc(Cl)ccc2NC3=O 
Secobarbital,-2.415,1,238.28699999999995,2,1,5,75.27000000000001,-2.356,O=C1NC(=O)NC(=O)C1(C(C)CCC)CC=C
Carvacrol,-3.2239999999999998,1,150.22099999999998,1,1,1,20.23,-2.08,c1(O)c(C)ccc(C(C)C)c1
rhodanine,-0.396,1,133.197,1,1,0,29.1,-1.77,C1SC(=S)NC1(=O)
Morin,-2.7310000000000003,1,302.23800000000006,5,3,1,131.35999999999999,-3.083,Oc1ccc(c(O)c1)c3oc2cc(O)cc(O)c2c(=O)c3O 
Kepone,-5.112,1,490.6390000000001,0,6,0,17.07,-5.2589999999999995,ClC1(C(=O)C2(Cl)C3(Cl)C14Cl)C5(Cl)C2(Cl)C3(Cl)C(Cl)(Cl)C45Cl
Disulfiram,-3.862,1,296.5520000000001,0,0,4,6.48,-4.86,CCN(CC)C(=S)SSC(=S)N(CC)CC
Cyclohexane,-2.477,2,84.162,0,1,0,0.0,-3.1,C1CCCCC1
Dienochlor,-7.848,1,474.64,0,2,1,0.0,-7.278,ClC1=C(Cl)C(Cl)(C(=C1Cl)Cl)C2(Cl)C(=C(Cl)C(=C2Cl)Cl)Cl
chlordimeform,-3.1639999999999997,1,196.68099999999998,0,1,2,15.6,-2.86,CN(C)C=Nc1ccc(Cl)cc1C
Equilenin,-3.927,1,266.34,1,4,0,37.3,-5.24,CC34CCc1c(ccc2cc(O)ccc12)C3CCC4=O
1-Octanol,-2.105,1,130.23100000000002,1,0,6,20.23,-2.39,CCCCCCCCO
Diethyl sulfide,-1.598,1,90.191,0,0,2,0.0,-1.34,CCSCC
"1,2-Dichloroethane",-1.374,1,98.96000000000001,0,0,1,0.0,-1.06,ClCCCl
2-Chloro-2-methylbutane,-2.278,1,106.59599999999999,0,0,1,0.0,-2.51,CCC(C)(C)Cl
1-Chloro-2-bromoethane,-1.7380000000000002,1,143.411,0,0,1,0.0,-1.32,ClCCBr
p-Nitroaniline,-1.936,1,138.126,1,1,1,69.16,-2.37,Nc1ccc(cc1)N(=O)=O
Lactose,1.071,1,342.297,8,2,4,189.52999999999997,-0.244,OCC1OC(OC2C(O)C(O)C(O)OC2CO)C(O)C(O)C1O
RTI 2,-3.125,1,268.32,0,3,2,49.330000000000005,-2.86,CCN2c1ncccc1N(CC)C(=O)c3cccnc23 
Chlorobenzene,-2.975,1,112.55899999999997,0,1,0,0.0,-2.38,Clc1ccccc1
1-Nonene ,-3.427,1,126.243,0,0,6,0.0,-5.05,CCCCCCCC=C
p-Bromoiodobenzene,-4.754,1,282.90599999999995,0,1,0,0.0,-4.56,Brc1ccc(I)cc1
3-Methyl-3-pentanol,-1.308,1,102.17699999999998,1,0,2,20.23,-0.36,CCC(C)(O)CC
Pentylbenzene,-3.8989999999999996,1,148.249,0,1,4,0.0,-4.64,CCCCCc1ccccc1
allantoin,0.652,1,158.117,4,1,1,113.32,-1.6,NC(=O)NC1NC(=O)NC1=O 
Glafenine,-5.052,1,372.80800000000016,3,3,6,91.67999999999999,-4.571000000000001,OCC(O)COC(=O)c1ccccc1Nc2ccnc3cc(Cl)ccc23
DDD,-6.007999999999999,1,320.04600000000005,0,2,3,0.0,-7.2,ClC(Cl)C(c1ccc(Cl)cc1)c2ccc(Cl)cc2
testosterone acetate,-4.449,1,330.4680000000001,0,4,1,43.370000000000005,-5.184,CC(=O)OC3CCC4C2CCC1=CC(=O)CCC1(C)C2CCC34C 
1-Chloronapthalene,-4.063,1,162.61899999999997,0,2,0,0.0,-3.93,Clc1cccc2ccccc12
RTI 19,-4.007,1,252.31699999999995,0,3,1,23.55,-4.749,CCN2c1ccccc1N(C)C(=O)c3ccccc23 
2-Hexanol,-1.324,1,102.17699999999998,1,0,3,20.23,-0.89,CCCCC(C)O
Propylcyclopentane,-3.16,1,112.21600000000001,0,1,2,0.0,-4.74,CCCC1CCCC1
Etomidate,-3.359,1,244.294,0,2,4,44.12,-4.735,CCOC(=O)c1cncn1C(C)c2ccccc2
"3,4-Dichlorophenol",-3.352,1,163.00300000000001,1,1,0,20.23,-1.25,Oc1ccc(Cl)c(Cl)c1
Cypermethrin,-6.775,1,416.30400000000014,0,3,6,59.32000000000001,-8.017000000000001,CC1(C)C(C=C(Cl)Cl)C1C(=O)OC(C#N)c2cccc(Oc3ccccc3)c2
Benzoxazole,-2.214,2,119.12299999999998,0,2,0,26.03,-1.16,c2ccc1ocnc1c2
1-Pentanol,-1.042,1,88.14999999999999,1,0,3,20.23,-0.6,CCCCCO
"N,N-Diethylaniline",-3.16,1,149.237,0,1,3,3.24,-3.03,CCN(CC)c1ccccc1
"1,3-Difluorobenzene",-2.636,1,114.094,0,1,0,0.0,-2.0,Fc1cccc(F)c1
3-chloropropionitrile,-0.522,1,89.525,0,0,1,23.79,-0.29,ClCCC#N 
t-Pentylbenzene,-3.867,1,148.249,0,1,1,0.0,-4.15,CC(C)(C)Cc1ccccc1
5-Ethyl-5-phenylbarbital,-2.272,1,232.239,2,2,2,75.27000000000001,-2.322,O=C1NC(=O)NC(=O)C1(CC)c1ccccc1
o-Chloroiodobenzene,-4.3839999999999995,1,238.45499999999998,0,1,0,0.0,-3.54,Clc1ccccc1I
Benzotriazole,-2.21,2,119.127,1,2,0,41.57,-0.78,c2ccc1[nH]nnc1c2
Carbofuran,-3.05,1,221.25599999999994,1,2,1,47.56,-2.8,CNC(=O)Oc1cccc2CC(C)(C)Oc12
"2,6-Dimethylphenol",-2.589,1,122.16699999999999,1,1,0,20.23,-1.29,Cc1cccc(C)c1O
3-Methyl-2-butanol,-0.9540000000000001,1,88.14999999999999,1,0,1,20.23,-0.18,CC(C)C(C)O
benzhydrol,-3.033,1,184.238,1,2,2,20.23,-2.55,c1ccccc1C(O)c2ccccc2
Methyl decanoate,-3.3160000000000003,1,186.295,0,0,8,26.3,-4.69,CCCCCCCCCC(=O)OC
Dicapthon,-4.188,1,297.656,0,1,5,70.83000000000001,-4.31,COP(=S)(OC)Oc1ccc(cc1Cl)N(=O)=O
1-Bromo-2-methylpropane,-2.2880000000000003,1,137.01999999999998,0,0,1,0.0,-2.43,CC(C)CBr
Iodoethane,-2.066,1,155.966,0,0,0,0.0,-1.6,CCI
Pirimicarb,-2.34,1,238.29099999999997,0,1,2,58.56000000000001,-1.95,CN(C)C(=O)Oc1nc(nc(C)c1C)N(C)C
1-Bromohexane,-3.012,1,165.074,0,0,4,0.0,-3.81,CCCCCCBr
2-Methylpentane,-2.6,1,86.178,0,0,2,0.0,-3.74,CCCC(C)C
Tetrafluthrin,-6.3389999999999995,1,418.7360000000001,0,2,4,26.3,-7.321000000000001,Cc1c(F)c(F)c(COC(=O)C2C(C=C(Cl)C(F)(F)F)C2(C)C)c(F)c1F
Metolachlor,-3.431,1,283.7989999999999,0,1,6,29.54,-2.73,CCc1cccc(C)c1N(C(C)COC)C(=O)CCl 
nifuroxime,-1.8430000000000002,1,156.09699999999998,1,1,2,88.87,-2.19,ON=Cc1ccc(o1)N(=O)=O 
Fluvalinate,-8.057,1,502.9200000000002,1,3,8,71.35,-8.003,CC(C)C(Nc1ccc(cc1Cl)C(F)(F)F)C(=O)OC(C#N)c2cccc(Oc3ccccc3)c2
Amitrole,-0.674,1,84.082,2,1,0,67.59,0.522,Nc1nc[nH]n1
Tribromomethane,-2.904,1,252.731,0,0,0,0.0,-1.91,BrC(Br)Br
Trichlorfon,-1.8659999999999999,1,257.437,1,0,3,55.760000000000005,-0.22,COP(=O)(OC)C(O)C(Cl)(Cl)Cl
Phosalone,-5.024,1,367.8160000000001,0,2,7,53.6,-5.233,CCOP(=S)(OCC)SCn1c(=O)oc2cc(Cl)ccc12
Phenylmethanol,-1.699,1,108.13999999999997,1,1,1,20.23,-0.4,OCc1ccccc1
Coumatetralyl,-5.194,1,292.33400000000006,1,4,1,50.44,-2.84,O=c2c(C3CCCc4ccccc43)c(O)c1ccccc1o2 
4-Bromophenol,-3.1319999999999997,1,173.00900000000001,1,1,0,20.23,-1.09,Oc1ccc(Br)cc1
2-Bromopropane,-1.949,1,122.993,0,0,0,0.0,-1.59,CC(C)Br
"2,2,4-Trimethylpentane",-3.2760000000000002,1,114.23199999999999,0,0,1,0.0,-4.74,CC(C)CC(C)(C)C
"1,3,5-Trinitrobenzene",-2.324,1,213.10499999999996,0,1,3,129.42000000000002,-2.89,O=N(=O)c1cc(cc(c1)N(=O)=O)N(=O)=O
Nimetazepam,-3.557,1,295.29800000000006,0,3,2,75.81,-3.7960000000000003,CN2C(=O)CN=C(c1ccccc1)c3cc(ccc23)N(=O)=O
Propane,-1.5530000000000002,1,44.096999999999994,0,0,0,0.0,-1.94,CCC
Minoxidil,-1.8090000000000002,1,209.25299999999996,2,2,1,95.10999999999999,-1.989,Nc1cc(nc(N)n1=O)N2CCCCC2 
1-aminoacridine,-3.542,1,194.23700000000002,1,3,0,38.91,-4.22,Nc2cccc3nc1ccccc1cc23 
Benzo(k)fluoranthene,-6.007000000000001,2,252.31599999999997,0,5,0,0.0,-8.49,c1ccc2cc3c4cccc5cccc(c3cc2c1)c45
Dicofol,-6.268,1,370.49,1,2,2,20.23,-5.666,OC(c1ccc(Cl)cc1)(c2ccc(Cl)cc2)C(Cl)(Cl)Cl
Acenapthene,-3.792,2,154.21199999999996,0,3,0,0.0,-4.63,C1Cc2cccc3cccc1c23
Dialifos,-5.026,1,393.85400000000016,0,2,8,55.84,-6.34,CCOP(=S)(OCC)SC(CCl)N2C(=O)c1ccccc1C2=O
"1,4-Dibromobenzene",-4.298,1,235.90599999999998,0,1,0,0.0,-4.07,Brc1ccc(Br)cc1
Methazole,-3.6010000000000004,1,261.064,0,2,1,57.14,-2.82,Cn2c(=O)on(c1ccc(Cl)c(Cl)c1)c2=O
p-Phenylphenol,-3.701,1,170.211,1,2,1,20.23,-3.48,Oc1ccc(cc1)c2ccccc2
pyracarbolid,-2.83,1,217.26800000000003,1,2,2,38.33,-2.56,CC1=C(CCCO1)C(=O)Nc2ccccc2 
Ethyl vinyl ether,-0.857,1,72.10700000000001,0,0,2,9.23,-0.85,CCOC=C
1-Butyne,-1.092,1,54.09199999999999,0,0,0,0.0,-1.24,CCC#C
4-methoxypteridine,-1.589,1,162.15200000000002,0,2,1,60.790000000000006,-1.11,COc1ncnc2nccnc12 
3-Methyl-3-heptanol,-2.017,1,130.23099999999997,1,0,4,20.23,-1.6,CCCCC(C)(O)CC
"1,4-Dichlorobenzene",-3.5580000000000003,1,147.00400000000002,0,1,0,0.0,-3.27,Clc1ccc(Cl)cc1
3-Ethanoyloxymethylphenytoin,-2.7230000000000003,1,324.33600000000007,1,3,4,75.71,-4.47,O=C1N(COC(=O)C)C(=O)C(N1)(c2ccccc2)c3ccccc3
"Sparsomycin (3,8mg/ml)",-1.57,1,361.4450000000001,4,1,8,132.11999999999998,-1.9809999999999999,CSCS(=O)CC(CO)NC(=O)C=Cc1c(C)[nH]c(=O)[nH]c1=O
3-methylindole,-2.9810000000000003,1,131.17799999999997,1,2,0,15.79,-2.42,Cc1c[nH]c2ccccc12 
2-methoxypteridine,-1.589,1,162.152,0,2,1,60.790000000000006,-1.11,COc2ncc1nccnc1n2
Dioxacarb,-1.614,1,223.22799999999995,1,2,2,56.790000000000006,-1.57,CNC(=O)Oc1ccccc1C2OCCO2
isocarbamid,-1.508,1,185.22699999999998,2,1,2,61.440000000000005,-2.15,C1N(C(=O)NCC(C)C)C(=O)NC1
Acetonitrile,0.152,1,41.053,0,0,0,23.79,0.26,CC#N
Fenoxycarb,-4.662,1,301.34200000000004,1,2,7,56.790000000000006,-4.7,CCOC(=O)NCCOc2ccc(Oc1ccccc1)cc2
acetyl sulfisoxazole,-2.024,1,293.34800000000007,1,2,3,89.43,-3.59,CC(=O)N(S(=O)c1ccc(N)cc1)c2onc(C)c2C 
"1,1,1,2-Tetrachloroethane",-2.7939999999999996,1,167.85,0,0,0,0.0,-2.18,ClCC(Cl)(Cl)Cl
1-Butanol,-0.688,1,74.12299999999999,1,0,2,20.23,0.0,CCCCO
Siduron,-3.779,1,232.32700000000003,2,2,2,41.13,-4.11,CC1CCCCC1NC(=O)Nc2ccccc2
"1,3,5-Trichlorobenzene",-4.159,1,181.449,0,1,0,0.0,-4.48,Clc1cc(Cl)cc(Cl)c1
Furfural,-1.391,1,96.08499999999998,0,1,1,30.21,-0.1,O=Cc1ccco1
3-Methylbutan-1-ol,-1.0270000000000001,1,88.14999999999999,1,0,2,20.23,-0.51,CC(C)CCO
piperonal,-2.033,1,150.13299999999998,0,2,1,35.53,-1.63,O=Cc2ccc1OCOc1c2 
2-Methylpropene,-1.5730000000000002,1,56.108000000000004,0,0,0,0.0,-2.33,CC(=C)C
Benzaldehyde,-1.999,1,106.12399999999997,0,1,1,17.07,-1.19,O=Cc1ccccc1
"2,3-Dimethyl-1,3-Butadiene",-2.052,1,82.146,0,0,1,0.0,-2.4,CC(=C)C(=C)C
Benfuracarb,-5.132999999999999,1,410.53600000000023,0,2,8,68.31,-4.71,CCOC(=O)CCN(SN(C)C(=O)Oc1cccc2CC(C)(C)Oc21)C(C)C
RTI 10,-2.7710000000000004,1,226.235,0,3,0,42.43,-3.6719999999999997,O2c1ccccc1N(C)C(=O)c3cccnc23 
Fluorene ,-4.125,2,166.22299999999998,0,3,0,0.0,-5.0,C1c2ccccc2c3ccccc13
Methylcyclohexane ,-2.891,1,98.18900000000001,0,1,0,0.0,-3.85,CC1CCCCC1
sulfaguanidine,-0.706,1,214.25,4,1,2,122.05999999999999,-1.99,NC(=N)NS(=O)(=O)c1ccc(N)cc1 
Methylparaben,-2.441,1,152.149,1,1,1,46.53,-1.827,COC(=O)c1ccc(O)cc1
2-Methyltetrahydrofurane,-1.034,1,86.134,0,1,0,9.23,0.11,CC1CCCO1
Santonin,-2.43,1,246.30599999999995,0,3,0,43.370000000000005,-3.09,CC3C2CCC1(C)C=CC(=O)C(=C1C2OC3=O)C
Salicin,-0.975,1,286.28,5,2,4,119.61000000000001,-0.85,OCC2OC(Oc1ccccc1CO)C(O)C(O)C2O
1-Iodopropane,-2.4859999999999998,1,169.993,0,0,1,0.0,-2.29,CCCI
Ametryn,-3.43,1,227.337,2,1,5,62.730000000000004,-3.04,CCNc1nc(NC(C)C)nc(SC)n1
1-Propanol,-0.33399999999999996,1,60.096,1,0,1,20.23,0.62,CCCO
Hydroxyprogesterone-17a,-3.8760000000000003,1,330.4680000000001,1,4,1,54.37,-3.8169999999999997,CC(=O)C1(O)CCC2C3CCC4=CC(=O)CCC4(C)C3CCC21C
2-Pentanol,-0.97,1,88.14999999999999,1,0,2,20.23,-0.29,CCCC(C)O
benzoin,-3.148,1,212.248,1,2,3,37.3,-2.85,OC(C(=O)c1ccccc1)c2ccccc2
"2,4-Dimethylphenol",-2.6210000000000004,1,122.16699999999999,1,1,0,20.23,-1.19,Cc1ccc(O)c(C)c1
m-Chloronitrobenzene ,-2.9010000000000002,1,157.55599999999998,0,1,1,43.14,-2.77,Clc1cccc(c1)N(=O)=O
ampyrone,-1.192,1,203.245,1,2,1,52.95,-0.624,Cc2c(N)c(=O)n(c1ccccc1)n2C
"2,2',4,5'-PCB",-6.23,1,291.99199999999996,0,2,1,0.0,-6.57,Clc1ccc(c(Cl)c1)c2cc(Cl)ccc2Cl 
"Hexachloro-1,3-butadiene",-4.546,1,260.762,0,0,1,0.0,-4.92,ClC(=C(Cl)C(=C(Cl)Cl)Cl)Cl
Terbutryn,-3.75,1,241.364,2,1,4,62.730000000000004,-4.0,CCNc1nc(NC(C)(C)C)nc(SC)n1
3-Methyl-2-pentanol,-1.308,1,102.17699999999999,1,0,3,20.23,-0.71,CCC(C)CCO
2-methylpteridine,-1.24,1,146.153,0,2,0,51.56,-0.12,Cc2ncc1nccnc1n2
Danazol,-4.5569999999999995,1,337.4630000000001,1,5,0,46.260000000000005,-5.507000000000001,CC23Cc1cnoc1C=C2CCC4C3CCC5(C)C4CCC5(O)C#C
1-Iodobutane,-2.841,1,184.01999999999998,0,0,2,0.0,-2.96,CCCCI
2-Bromonapthalene,-4.434,1,207.07,0,2,0,0.0,-4.4,Brc1ccc2ccccc2c1
"Digoxin (L1=41,8mg/mL, L2=68,2mg/mL, Z=40,1mg/mL)",-5.312,1,780.9490000000001,6,8,7,203.05999999999997,-4.081,CC1OC(CC(O)C1O)OC2C(O)CC(OC2C)OC8C(O)CC(OC7CCC3(C)C(CCC4C3CC(O)C5(C)C(CCC45O)C6=CC(=O)OC6)C7)OC8C 
Benzyltrifluoride,-3.0989999999999998,1,146.111,0,1,0,0.0,-2.51,FC(F)(F)c1ccccc1
Dihexyl phthalate,-5.757999999999999,1,334.45600000000024,0,1,12,52.60000000000001,-6.144,CCCCCCOC(=O)c1ccccc1C(=O)OCCCCCC
Dibenzothiophene,-4.5969999999999995,2,184.263,0,3,0,0.0,-4.38,c1ccc2c(c1)sc3ccccc23
"2,3',4,4'-PCB",-6.709,1,326.437,0,2,1,0.0,-7.8,Clc1ccc(c(Cl)c1)c2ccc(Cl)c(Cl)c2Cl 
"2,2',3,3',4,4'-PCB",-7.192,1,360.88200000000006,0,2,1,0.0,-8.01,Clc1ccc(c(Cl)c1Cl)c2ccc(Cl)c(Cl)c2Cl 
Warfarin,-3.9130000000000003,1,308.3330000000001,1,3,4,67.50999999999999,-3.8930000000000002,CC(=O)CC(c1ccccc1)c3c(O)c2ccccc2oc3=O 
hydrobenzoin,-2.645,1,214.264,2,2,3,40.46,-1.93,c1ccccc1C(O)C(O)c2ccccc2
Dimethyl phthalate,-2.347,1,194.18599999999995,0,1,2,52.60000000000001,-1.66,COC(=O)c1ccccc1C(=O)OC
Ethyl octanoate,-2.9619999999999997,1,172.26799999999997,0,0,7,26.3,-3.39,CCCCCCCC(=O)OCC
Diethyldisulfide,-2.364,1,122.258,0,0,3,0.0,-2.42,CCSSCC
"1,2-Diethoxyethane ",-0.833,1,118.176,0,0,5,18.46,-0.77,CCOCCOCC
"1,2,4,5-Tetrachlorobenzene",-4.621,1,215.894,0,1,0,0.0,-5.56,Clc1cc(Cl)c(Cl)cc1Cl
p-benzidine,-2.613,1,184.242,2,2,1,52.04,-2.7,Nc1ccc(cc1)c2ccc(N)cc2
1-Heptene,-2.718,1,98.189,0,0,4,0.0,-3.73,CCCCCC=C
Ethirimol,-2.7319999999999998,1,209.29299999999998,2,1,5,57.78,-3.028,CCCCc1c(C)nc(NCC)[nH]c1=O
Pentobarbital,-2.312,1,226.27599999999995,2,1,4,75.27000000000001,-2.39,O=C1NC(=O)NC(=O)C1(CC)C(C)CCC
o-Chloroaniline,-2.392,1,127.574,1,1,0,26.02,-1.52,Nc1ccccc1Cl
3-Chloroanisole,-3.057,1,142.58499999999998,0,1,1,9.23,-2.78,COc1cccc(Cl)c1
Pebulate,-3.1310000000000002,1,203.35099999999997,0,0,6,20.310000000000002,-3.53,CCCCN(CC)C(=O)SCCC
Butyl acetate,-1.111,1,102.13299999999998,0,0,4,26.3,-1.37,CCCCOC=O
Prednisolone,-2.9739999999999998,1,360.4500000000002,3,4,2,94.83,-3.18,CC12CC(O)C3C(CCC4=CC(=O)C=CC34C)C2CCC1(O)C(=O)CO
Bromodichloromethane,-2.176,1,163.82899999999998,0,0,0,0.0,-1.54,BrC(Cl)Cl
adrenosterone,-2.99,1,300.3980000000001,0,4,0,51.21,-3.48,CC34CC(=O)C1C(CCC2=CC(=O)CCC12C)C3CCC4(=O) 
p-terphenyl,-5.7410000000000005,2,230.31,0,3,2,0.0,-7.11,c1ccc(cc1)c2ccc(cc2)c3ccccc3
p-Hydroxybenzaldehyde ,-2.003,1,122.12299999999998,1,1,1,37.3,-0.96,Oc1ccc(C=O)cc1
Bromomethane,-1.109,1,94.939,0,0,0,0.0,-0.79,CBr
Perfluidone,-4.945,1,379.38100000000003,1,2,4,80.31,-3.8,Cc1cc(ccc1NS(=O)(=O)C(F)(F)F)S(=O)(=O)c2ccccc2
Coumachlor,-4.553999999999999,1,342.7780000000001,1,3,4,67.50999999999999,-5.8389999999999995,CC(=O)CC(c1ccc(Cl)cc1)c2c(O)c3ccccc3oc2=O
2-Ethylnaphthalene,-4.1,1,156.22799999999998,0,2,1,0.0,-4.29,CCc1ccc2ccccc2c1
5-methylcytosine,-0.257,1,125.13099999999999,2,1,0,71.77000000000001,-1.4580000000000002,Nc1c(C)c[nH]c(=O)n1 
"2,3,4,5,6-PCB",-6.785,1,326.437,0,2,1,0.0,-7.92,Clc2c(Cl)c(Cl)c(c1ccccc1)c(Cl)c2Cl 
benodanil,-4.245,1,323.133,1,2,2,29.1,-4.21,c1c(NC(=O)c2ccccc2(I))cccc1
Riboflavin,-1.865,1,376.36900000000014,5,3,5,161.56,-3.685,Cc3cc2nc1c(=O)[nH]c(=O)nc1n(CC(O)C(O)C(O)CO)c2cc3C
o-Fluorobromobenzene,-3.467,1,175.0,0,1,0,0.0,-2.7,Fc1ccccc1Br
"2,4-Dichlorophenol ",-3.22,1,163.003,1,1,0,20.23,-1.55,Oc1ccc(Cl)cc1Cl
Permethrin,-7.129,1,391.2940000000001,0,3,6,35.53,-6.291,CC1(C)C(C=C(Cl)Cl)C1C(=O)OCc2cccc(Oc3ccccc3)c2
piroxicam,-3.4730000000000003,1,331.353,2,3,2,99.60000000000001,-4.16,CN2C(=C(O)c1ccccc1S2(=O)=O)C(=O)Nc3ccccn3 
3-Propanoyloxymethylphenytoin,-3.128,1,338.36300000000006,1,3,5,75.71,-4.907,O=C1N(COC(=O)CC)C(=O)C(N1)(c2ccccc2)c3ccccc3
Cyclopentane ,-2.0380000000000003,2,70.135,0,1,0,0.0,-2.64,C1CCCC1
o-Toluidine,-1.922,1,107.156,1,1,0,26.02,-2.21,Cc1ccccc1N
Estragole,-3.074,1,148.205,0,1,3,9.23,-2.92,c1(OC)ccc(CC=C)cc1
karbutilate,-2.655,1,279.34,2,1,2,70.67,-2.93,CN(C)C(=O)Nc1cccc(OC(=O)NC(C)(C)C)c1 
3-Methyl-1-Butene,-1.994,1,70.135,0,0,1,0.0,-2.73,CC(C)C=C
2-Hydroxypyridine,-1.655,1,95.101,1,1,0,33.120000000000005,1.02,Oc1ccccn1
Ethane,-1.1320000000000001,1,30.07,0,0,0,0.0,-1.36,CC
"1,2-Dichlorobenzene",-3.4819999999999998,1,147.00399999999996,0,1,0,0.0,-3.05,Clc1ccccc1Cl
mercaptobenzothiazole,-3.411,1,167.25799999999998,1,2,0,12.89,-3.18,Sc2nc1ccccc1s2 
"2,2',3,3',4,4',5,5',6,6'-PCB",-9.589,1,498.66200000000026,0,2,1,0.0,-11.6,Clc1c(Cl)c(Cl)c(c(Cl)c1Cl)c2c(Cl)c(Cl)c(Cl)c(Cl)c2Cl 
Methoxsalen,-3.25,1,216.19199999999995,0,3,1,52.58,-3.6639999999999997,COc2c1occc1cc3ccc(=O)oc23 
Acetamide,0.494,1,59.068,1,0,0,43.09,1.58,CC(=O)N
1-Methylnaphthalene,-3.802,1,142.201,0,2,0,0.0,-3.7,Cc1cccc2ccccc12
Napropamide,-4.088,1,271.36,0,2,5,29.540000000000003,-3.57,CCN(CC)C(=O)C(C)Oc1cccc2ccccc12 
"3,3-Dimethyl-2-butanol",-1.2919999999999998,1,102.17699999999999,1,0,0,20.23,-0.62,CC(O)C(C)(C)C
Methyl pentanoate,-1.545,1,116.15999999999998,0,0,3,26.3,-1.36,CCCC(=O)OCC
Menadione,-2.667,1,172.18299999999996,0,2,0,34.14,-3.03,CC2=CC(=O)c1ccccc1C2=O 
Phenanthrene,-4.518,2,178.23399999999998,0,3,0,0.0,-5.26,c1ccc2c(c1)ccc3ccccc32
"2,4-Dimethylpyridine",-2.0980000000000003,1,107.15599999999999,0,1,0,12.89,0.38,Cc1ccnc(C)c1
1-Nonanol,-2.46,1,144.258,1,0,7,20.23,-3.01,CCCCCCCCCO
Dibromomethane,-1.883,1,173.83499999999998,0,0,0,0.0,-1.17,BrCBr
Dexamethasone,-3.4,1,392.4670000000002,3,4,2,94.83,-3.59,CC1CC2C3CCC4=CC(=O)C=CC4(C)C3(F)C(O)CC2(C)C1(O)C(=O)CO
"2,6-Dimethylnaphthalene ",-4.147,1,156.228,0,2,0,0.0,-4.89,Cc1ccc2cc(C)ccc2c1
Butylate,-3.4530000000000003,1,217.378,0,0,5,20.310000000000002,-3.68,CCSC(=O)N(CC(C)C)CC(C)C
nitroglycerin,-2.029,1,227.08499999999998,0,0,8,157.11,-2.22,O=N(=O)OCC(CON(=O)=O)ON(=O)=O 
m-Nitroaniline,-1.936,1,138.126,1,1,1,69.16,-2.19,Nc1cccc(c1)N(=O)=O
1-Chlorobutane,-1.94,1,92.56899999999999,0,0,2,0.0,-2.03,CCCCCl
triforine,-3.715,1,430.9340000000001,2,1,6,64.68,-4.19,ClC(Cl)(Cl)C(NC=O)N1C=CN(C=C1)C(NC=O)C(Cl)(Cl)Cl 
Fluridone,-4.249,1,329.32099999999997,0,3,2,22.0,-4.445,Cn2cc(c1ccccc1)c(=O)c(c2)c3cccc(c3)C(F)(F)F
6-aminochrysene,-4.849,1,243.309,1,4,0,26.02,-6.2,Nc3cc2c1ccccc1ccc2c4ccccc34 
Estrone,-3.872,1,270.372,1,4,0,37.3,-3.955,CC12CCC3C(CCc4cc(O)ccc34)C2CCC1=O
RTI 17,-4.227,1,269.373,0,3,1,19.37,-4.706,CCN2c1ccccc1N(C)C(=S)c3cccnc23 
"1,2-Propylene oxide",-0.358,1,58.08,0,1,0,12.53,-0.59,CC1CO1
Nitrazepam,-3.4730000000000003,1,281.271,1,3,2,84.6,-3.7960000000000003,O=C3CN=C(c1ccccc1)c2cc(ccc2N3)N(=O)=O
"1,3-diethylthiourea",-1.028,1,132.232,2,0,2,24.06,-1.46,CCNC(=S)NCC
"2,3,5-Trichlorophenol",-3.78,1,197.44799999999998,1,1,0,20.23,-2.67,Oc1cc(Cl)cc(Cl)c1Cl
Propyl propanoate,-1.545,1,116.15999999999998,0,0,3,26.3,-1.34,CCCCC(=O)OC
Aniline ,-1.632,1,93.12899999999999,1,1,0,26.02,-0.41,Nc1ccccc1
"1,5-Dimethlnapthalene",-4.147,1,156.228,0,2,0,0.0,-4.678999999999999,Cc1cccc2c(C)cccc12
hydrochlorothiazide,-1.72,1,297.745,3,2,1,118.35999999999999,-2.63,NS(=O)(=O)c2cc1c(NCNS1(=O)=O)cc2Cl 
Acenapthylene,-3.682,2,152.19599999999994,0,3,0,0.0,-3.96,C1=Cc2cccc3cccc1c23
Ethyl butyrate,-2.254,1,144.21399999999997,0,0,5,26.3,-1.28,CCCCCOC(=O)CC
Atratone,-3.185,1,211.26899999999998,2,1,5,71.96000000000001,-2.084,CCNc1nc(NC(C)C)nc(OC)n1
Benzo(a)pyrene,-6.007000000000001,2,252.31599999999997,0,5,0,0.0,-8.699,c1ccc2c(c1)cc3ccc4cccc5ccc2c3c45
Bromoethane,-1.5290000000000001,1,108.966,0,0,0,0.0,-1.09,CCBr
3-Hexyne,-1.933,1,82.14599999999999,0,0,0,0.0,-1.99,CCC#CCC
Digitoxin,-6.114,1,764.9499999999999,5,8,7,182.82999999999998,-5.292999999999999,CC1OC(CC(O)C1O)OC2C(O)CC(OC2C)OC8C(O)CC(OC7CCC3(C)C(CCC4C3CCC5(C)C(CCC45O)C6=CC(=O)OC6)C7)OC8C 
2-Methyl-1-Butene,-1.994,1,70.13499999999999,0,0,1,0.0,-2.73,CCC(=C)C
8-quinolinol,-2.725,1,145.16099999999997,1,2,0,33.120000000000005,-2.42,Oc1cccc2cccnc12 
"1,2,3,4-Tetrahydronapthalene",-3.447,2,132.20599999999996,0,2,0,0.0,-4.37,C1CCc2ccccc2C1
phenolphthalein,-4.59,1,318.32800000000003,2,4,2,66.76,-2.9,Oc1ccc(cc1)C2(OC(=O)c3ccccc23)c4ccc(O)cc4 
"1,3,5-Tribromobenzene",-5.27,1,314.802,0,1,0,0.0,-5.6,Brc1cc(Br)cc(Br)c1
Ronnel,-5.247000000000001,1,321.549,0,1,4,27.69,-5.72,COP(=S)(OC)Oc1cc(Cl)c(Cl)cc1Cl
methylthiouracil,-0.547,1,142.18300000000002,2,1,0,48.65,-2.436,Cc1cc(=O)[nH]c(=S)[nH]1
Eugenol,-2.675,1,164.204,1,1,3,29.46,-1.56,COc1cc(CC=C)ccc1O
5-Allyl-5-isopropylbarbital,-1.706,1,210.23299999999998,2,1,3,75.27000000000001,-1.7080000000000002,O=C1NC(=O)NC(=O)C1(C(C)C)CC=C
Pyrene,-4.957,2,202.25599999999997,0,4,0,0.0,-6.176,c1cc2ccc3cccc4ccc(c1)c2c34
"1,1-Diethoxyethane ",-0.899,1,118.176,0,0,4,18.46,-0.43,CCOC(C)OCC
Clomazone,-3.077,1,239.702,0,2,2,29.54,-2.338,CC1(C)CON(Cc2ccccc2Cl)C1=O
2-Butoxyethanol,-0.775,1,118.17599999999999,1,0,5,29.46,-0.42,CCCCOCCO
Quintozene,-5.098,1,295.336,0,1,1,43.14,-5.82,Clc1c(Cl)c(Cl)c(N(=O)=O)c(Cl)c1Cl
Androsterone,-3.8819999999999997,1,290.447,1,4,0,37.3,-4.402,CC12CCC(O)CC1CCC3C2CCC4(C)C3CCC4=O
Flurochloridone,-4.749,1,312.118,0,2,2,20.310000000000002,-4.047,FC(F)(F)c1cccc(c1)N2CC(CCl)C(Cl)C2=O
Quinoline,-2.6630000000000003,2,129.16199999999998,0,2,0,12.89,-1.3,c1ccc2ncccc2c1
methyl gallate,-1.913,1,184.147,3,1,1,86.99000000000001,-1.24,COC(=O)c1cc(O)c(O)c(O)c1 
fluconazole,-2.418,1,306.276,1,3,5,81.64999999999999,-1.8,OC(Cn1cncn1)(Cn2cncn2)c3ccc(F)cc3F 
Chlorzoxazone,-2.679,1,169.567,1,2,0,46.0,-2.8310000000000004,Clc2ccc1oc(=O)[nH]c1c2
"2,2',3,4,4',5',6-PCB",-7.898,1,395.3270000000001,0,2,1,0.0,-7.92,Clc1ccc(c(Cl)c1)c2c(Cl)c(Cl)c(Cl)c(Cl)c2Cl
alloxan,0.436,1,142.07,2,1,0,92.34,-1.25,O=C1NC(=O)C(=O)C(=O)N1 
"1,3-Dichloropropane",-1.618,1,112.98700000000001,0,0,2,0.0,-1.62,ClCCCCl
m-Fluorobromobenzene,-3.467,1,175.0,0,1,0,0.0,-2.67,Fc1cccc(Br)c1
p-Chlorobromobenzene,-3.928,1,191.45499999999998,0,1,0,0.0,-3.63,Clc1ccc(Br)cc1
"2,3-Dimethylbutane",-2.5839999999999996,1,86.178,0,0,1,0.0,-3.65,CC(C)C(C)C
1-Butene,-1.655,1,56.108,0,0,1,0.0,-1.94,CCC=C
"2,2',3,4,5,5'-PCB",-7.343,1,360.88200000000006,0,2,1,0.0,-7.68,Clc1ccc(Cl)c(c1)c2cc(Cl)c(Cl)c(Cl)c2Cl
cytosine,0.051,1,111.104,2,1,0,71.77000000000001,-1.155,Nc1cc[nH]c(=O)n1 
"1,1,2-Trichlorotrifluoroethane",-3.077,1,187.37500000000003,0,0,1,0.0,-3.04,FC(F)(Cl)C(F)(Cl)Cl
Propionitrile,-0.26899999999999996,1,55.07999999999999,0,0,0,23.79,0.28,CCC#N
"O,P'-DDD",-6.007999999999999,1,320.04600000000005,0,2,3,0.0,-6.51,ClC(Cl)C(c1ccc(Cl)cc1)c2ccccc2Cl 
o-Nitroanisole,-2.346,1,153.13699999999997,0,1,2,52.37,-1.96,COc1ccccc1N(=O)=O
Prasterone,-3.5639999999999996,1,288.43100000000004,1,4,0,37.3,-4.12,CC34CCC1C(CC=C2CC(O)CCC12C)C3CCC4=O
Procymidone,-3.464,1,284.142,0,3,1,37.38,-4.8,CC12CC2(C)C(=O)N(C1=O)c3cc(Cl)cc(Cl)c3
Benzo[ghi]perylene,-6.446000000000001,2,276.338,0,6,0,0.0,-9.017999999999999,c1cc2ccc3ccc4ccc5cccc6c(c1)c2c3c4c56
Dinoseb,-3.715,1,240.21499999999995,1,1,4,106.51000000000002,-3.38,CCC(C)c1cc(cc(N(=O)=O)c1O)N(=O)=O 
meconin,-0.825,1,196.20199999999997,0,2,2,44.760000000000005,-1.899,c1c(OC)c(OC)C2C(=O)OCC2c1
Glycerol,0.688,1,92.09400000000001,3,0,2,60.69,1.12,OCC(O)CO
Guaiacol,-1.9409999999999998,1,124.13899999999997,1,1,1,29.46,-1.96,COc1ccccc1O 
chlorpyrifos,-4.9719999999999995,1,350.591,0,1,6,40.58,-5.67,CCOP(=S)(OCC)Oc1nc(Cl)c(Cl)cc1Cl 
9-Methylanthracene,-4.87,1,192.261,0,3,0,0.0,-5.89,Cc1c2ccccc2cc3ccccc13
Antipyrene,-1.733,1,188.23000000000002,0,2,1,26.93,0.715,Cc1cc(=O)n(c2ccccc2)n1C
Methyl butyl ether ,-1.072,1,88.14999999999999,0,0,3,9.23,-0.99,CCCCOC
7-methylpteridine,-1.24,1,146.153,0,2,0,51.56,-0.8540000000000001,Cc2cnc1cncnc1n2
simazine,-2.8110000000000004,1,201.661,2,1,4,62.730000000000004,-4.55,CCNc1nc(Cl)nc(NCC)n1 
"N,N-Dimethylacetamide",0.12300000000000001,1,87.12199999999999,0,0,0,20.310000000000002,1.11,CN(C)C(=O)C
Simetryn,-2.6889999999999996,1,213.31,0,1,3,45.150000000000006,-2.676,CSc1nc(nc(n1)N(C)C)N(C)C
Ethylene,-0.815,1,28.053999999999995,0,0,0,0.0,-0.4,C=C
"3,3-Dimethyl-1-butanol",-1.365,1,102.17699999999999,1,0,1,20.23,-0.5,CC(C)(C)CCO
5-Allyl-5-ethylbarbital,-1.368,1,196.20599999999996,2,1,3,75.27000000000001,-1.614,O=C1NC(=O)NC(=O)C1(CC)CC=C
"2,3,4-Trichlorophenol",-3.705,1,197.448,1,1,0,20.23,-2.67,Oc1ccc(Cl)c(Cl)c1Cl
Anisole,-2.3680000000000003,1,108.13999999999997,0,1,1,9.23,-1.85,COc1ccccc1
chloropropylate,-5.093,1,339.21800000000013,1,2,4,46.53,-4.53,c1ccc(Cl)cc1C(c2ccc(Cl)cc2)(O)C(=O)OC(C)C
aldosterone,-3.0660000000000003,1,360.45000000000005,2,4,3,91.67000000000002,-3.85,CC13CCC(=O)C=C1CCC4C2CCC(C(=O)CO)C2(CC(O)C34)C=O 
Difenoxuron,-3.928,1,286.331,1,2,4,50.800000000000004,-4.16,COc2ccc(Oc1ccc(NC(=O)N(C)C)cc1)cc2
4-Ethyltoluene,-3.3280000000000003,1,120.19499999999996,0,1,1,0.0,-3.11,CCc1ccc(C)cc1
Diisopropylsulfide,-2.162,1,118.24499999999999,0,0,2,0.0,-2.24,CC(C)SC(C)C
"1,3-Dinitrobenzene",-2.281,1,168.10799999999995,0,1,2,86.28,-2.29,O=N(=O)c1cccc(c1)N(=O)=O
Ethion,-5.471,1,384.4870000000002,0,0,12,36.92,-5.54,CCOP(=S)(OCC)SCSP(=S)(OCC)OCC
probarbital,-1.6030000000000002,1,198.22199999999998,2,1,2,75.27000000000001,-2.21,CCC1(C(C)C)C(=O)NC(=O)NC1=O 
cortisone acetate,-3.426,1,402.48700000000025,1,4,3,97.74000000000001,-4.21,CC(=O)OCC(=O)C3(O)CCC4C2CCC1=CC(=O)CCC1(C)C2C(=O)CC34C 
Metronidazole,-0.8590000000000001,1,171.15599999999998,1,1,3,81.19,-1.22,Cc1ncc(N(=O)=O)n1CCO
p-Chloroaniline,-2.392,1,127.574,1,1,0,26.02,-1.66,Nc1ccc(Cl)cc1
"2,2-Dimethylpentanol",-1.719,1,116.20399999999998,1,0,3,20.23,-1.52,CCCC(C)(C)CO
Furane,-1.837,2,68.07499999999999,0,1,0,13.14,-0.82,c1ccoc1
Methoproptryne,-3.259,1,271.39,2,1,8,71.96000000000001,-2.928,COCCCNc1nc(NC(C)C)nc(SC)n1
Norea,-2.47,1,222.33199999999994,1,3,1,32.34,-3.1710000000000003,CN(C)C(=O)NC1CC2CC1C3CCCC23
t-Butylbenzene ,-3.554,1,134.22199999999998,0,1,0,0.0,-3.66,CC(C)(C)c1ccccc1
kebuzone,-2.645,1,322.36400000000003,0,3,5,57.690000000000005,-3.27,CC(=O)CCC1C(=O)N(N(C1=O)c2ccccc2)c3ccccc3
prednisolone acetate,-3.5069999999999997,1,402.48700000000014,2,4,3,100.90000000000002,-4.37,CC(=O)OCC(=O)C3(O)CCC4C2CCC1=CC(=O)C=CC1(C)C2C(O)CC34C 
Methyl propyl ether ,-0.718,1,74.12299999999999,0,0,2,9.23,-0.39,CCCOC
Isopropyl acetate,-1.1909999999999998,1,102.133,0,0,1,26.3,-0.55,CC(C)OC(=O)C
Bromobenzene,-3.345,1,157.01,0,1,0,0.0,-2.55,Brc1ccccc1
Ethyl-p-hydroxybenzoate ,-2.761,1,166.176,1,1,2,46.53,-2.35,CCOC(=O)c1ccc(O)cc1
3-Butanoyloxymethylphenytoin,-3.469,1,352.39000000000004,1,3,6,75.71,-5.071000000000001,O=C1N(COC(=O)CCC)C(=O)C(N1)(c2ccccc2)c3ccccc3
testosterone propionate,-4.87,1,344.4950000000001,0,4,2,43.370000000000005,-5.37,CCC(=O)OC3CCC4C2CCC1=CC(=O)CCC1(C)C2CCC34C 
Coronene,-6.885,2,300.36000000000007,0,7,0,0.0,-9.332,c1cc2ccc3ccc4ccc5ccc6ccc1c7c2c3c4c5c67
allopurinol,-0.84,1,136.114,2,2,0,74.43,-2.266,O=c1[nH]cnc2[nH]ncc12 
Chloroethylene,-1.188,1,62.499,0,0,0,0.0,-1.75,ClC=C
diphenamid,-3.147,1,239.318,0,2,3,20.310000000000002,-2.98,CN(C)C(=O)C(c1ccccc1)c2ccccc2 
Tetrabromomethane,-4.063,1,331.62699999999995,0,0,0,0.0,-3.14,BrC(Br)(Br)Br
RTI 22,-4.408,1,296.374,1,3,2,48.47,-4.871,CCN2c1cc(N(C)C)cc(C)c1NC(=O)c3cccnc23 
phthalimide,-1.882,1,147.13299999999998,1,2,0,46.17,-2.61,O=C1NC(=O)c2ccccc12 
Fenarimol,-4.1080000000000005,1,331.202,1,3,3,46.010000000000005,-4.38,OC(c1ccc(Cl)cc1)(c2cncnc2)c3ccccc3Cl
Methyl benzoate ,-2.4619999999999997,1,136.14999999999998,0,1,1,26.3,-1.85,COC(=O)c1ccccc1
1-methyluracil,-0.375,1,126.115,1,1,0,54.86,-0.807,Cn1ccc(=O)[nH]c1=O
oxyphenbutazone,-3.739,1,324.38000000000005,1,3,5,60.85000000000001,-3.73,CCCCC1C(=O)N(N(C1=O)c2ccc(O)cc2)c3ccccc3 
"2,2',3,5'-PCB",-6.155,1,291.9920000000001,0,2,1,0.0,-6.47,Clc1ccc(Cl)c(c1)c2cccc(Cl)c2Cl 
Quinethazone,-2.184,1,289.7440000000001,3,2,2,101.28999999999999,-3.29,CCC2NC(=O)c1cc(c(Cl)cc1N2)S(N)(=O)=O
Diuron,-3.301,1,233.09799999999998,1,1,1,32.34,-3.8,CN(C)C(=O)Nc1ccc(Cl)c(Cl)c1
Cyclopentene ,-1.72,2,68.11900000000001,0,1,0,0.0,-2.1,C1CC=CC1
alloxantin,0.919,1,286.156,6,2,1,191.0,-1.99,C1(=O)NC(=O)NC(=O)C1(O)C2(O)C(=O)NC(=O)NC2(=O)
Nonane,-3.678,1,128.259,0,0,6,0.0,-5.88,CCCCCCCCC
2-Chlorophenol,-2.553,1,128.558,1,1,0,20.23,-1.06,Oc1ccccc1Cl
5-Methylchrysene,-5.931,1,242.321,0,4,0,0.0,-6.59,c1cccc2c3c(C)cc4ccccc4c3ccc12
Phenetole,-2.66,1,122.16699999999996,0,1,2,9.23,-2.33,CCOc1ccccc1
ethyl cinnamate,-3.0980000000000003,1,176.215,0,1,3,26.3,-3.0,CCOC(=O)C=Cc1ccccc1
Terbacil,-3.033,1,216.66799999999998,1,1,0,54.86,-2.484,Cc1[nH]c(=O)n(c(=O)c1Cl)C(C)(C)C
Clonazepam,-3.707,1,315.716,1,3,2,84.6,-3.4989999999999997,Clc1ccccc1C2=NCC(=O)Nc3ccc(cc23)N(=O)=O
p-Toluenesulfonamide ,-1.815,1,171.22099999999998,1,1,1,60.16,-1.74,Cc1ccc(cc1)S(=O)(=O)N
Chlorbufam,-3.6289999999999996,1,223.659,1,1,2,38.33,-2.617,CC(OC(=O)Nc1cccc(Cl)c1)C#C
2-Methylheptane,-3.3080000000000003,1,114.23199999999999,0,0,4,0.0,-5.08,CCCCCC(C)C
Cyhalothrin,-6.905,1,449.8560000000001,0,3,6,59.32000000000001,-8.176,CC1(C)C(C=C(Cl)C(F)(F)F)C1C(=O)OC(C#N)c2cccc(Oc3ccccc3)c2
Apazone,-2.9,1,300.3620000000001,0,3,2,56.220000000000006,-3.5380000000000003,CCCC1C(=O)N3N(C1=O)c2cc(C)ccc2N=C3N(C)C 
Diazepam,-4.05,1,284.74600000000004,0,3,1,32.67,-3.7539999999999996,CN2C(=O)CN=C(c1ccccc1)c3cc(Cl)ccc23
2-Methyl-3-pentanol,-1.308,1,102.17699999999999,1,0,2,20.23,-0.7,CCC(O)C(C)C
fensulfothion,-3.283,1,308.36100000000005,0,1,7,44.760000000000005,-2.3,CCOP(=S)(OCC)Oc1ccc(cc1)S(C)=O 
borneol,-2.423,1,154.253,1,2,0,20.23,-2.32,CC1(C)C2CCC1(C)C(O)C2
Testosterone,-3.659,1,288.431,1,4,0,37.3,-4.02,CC12CCC3C(CCC4=CC(=O)CCC34C)C2CCC1O
Heptane,-2.97,1,100.205,0,0,4,0.0,-4.53,CCCCCCC
1-Napthol,-3.08,1,144.17299999999997,1,2,0,20.23,-2.22,Oc1cccc2ccccc12
"cis-1,2-Dimethylcyclohexane",-3.305,1,112.216,0,1,0,0.0,-4.3,C/C1CCCCC1\C
Trimazosin,-3.958,1,435.48100000000034,2,3,6,132.5,-3.638,COc2cc1c(N)nc(nc1c(OC)c2OC)N3CCN(CC3)C(=O)OCC(C)(C)O 
Cholanthrene,-5.942,2,254.33199999999997,0,5,0,0.0,-7.85,C1Cc2c3c1cccc3cc4c2ccc5ccccc54
Medrogestone,-4.593,1,340.5070000000001,0,4,1,34.14,-5.27,CC(=O)C3(C)CCC4C2C=C(C)C1=CC(=O)CCC1(C)C2CCC34C
2-Heptanone,-1.554,1,114.18799999999999,0,0,4,17.07,-1.45,CCCCCC(=O)C
Acephate,-0.41600000000000004,1,183.16899999999998,1,0,3,55.4,0.54,COP(=O)(NC(C)=O)SC 
DEF,-4.074,1,314.5220000000001,0,0,12,17.07,-5.14,CCCCSP(=O)(SCCCC)SCCCC
phthalamide,-0.636,1,149.149,1,2,0,46.17,-2.932,c1cC2C(=O)NC(=O)C2cc1
Trichlomethiazide,-2.98,1,380.66200000000003,3,2,2,118.35999999999999,-2.68,NS(=O)(=O)c2cc1c(NC(NS1(=O)=O)C(Cl)Cl)cc2Cl 
2-Methy-2-Butene,-1.994,1,70.13499999999999,0,0,0,0.0,-2.56,CC=C(C)C
"1,2,4-Trimethylbenzene",-3.343,1,120.195,0,1,0,0.0,-3.31,Cc1ccc(C)c(C)c1
"2,4,5-Trichlorophenol ",-3.78,1,197.448,1,1,0,20.23,-2.21,Oc1cc(Cl)c(Cl)cc1Cl
phenanthridine,-3.713,2,179.22199999999998,0,3,0,12.89,-2.78,c1ccc2c(c1)cnc3ccccc23 
3-Methyl-3-hexanol,-1.663,1,116.20399999999998,1,0,3,20.23,-0.98,CCCC(C)(O)CC
Octane,-3.324,1,114.232,0,0,5,0.0,-5.24,CCCCCCCC
Anthracene,-4.518,2,178.23399999999995,0,3,0,0.0,-6.35,c1ccc2cc3ccccc3cc2c1
Phenylhydrazine,-1.8659999999999999,1,108.14399999999998,2,1,1,38.05,0.07,NNc1ccccc1
Propionaldehyde,-0.39399999999999996,1,58.08,0,0,1,17.07,0.58,CCC=O
Cyclooctane,-3.355,2,112.21600000000001,0,1,0,0.0,-4.15,C1CCCCCCC1
"5,5-Diallylbarbital",-1.4709999999999999,1,208.21699999999996,2,1,4,75.27000000000001,-2.077,O=C1NC(=O)NC(=O)C1(CC=C)CC=C
Trichloromethane,-1.8119999999999998,1,119.37800000000001,0,0,0,0.0,-1.17,ClC(Cl)Cl
thiouracil,-0.992,1,128.15599999999998,2,1,0,45.75,-2.273,Sc1nccc(=O)[nH]1 
Pencycuron,-5.126,1,328.84299999999996,1,3,4,32.34,-5.915,Clc1ccc(CN(C2CCCC2)C(=O)Nc3ccccc3)cc1
1-Methylcyclohexene ,-2.574,1,96.17300000000002,0,1,0,0.0,-3.27,CC1=CCCCC1
2-Ethylhexanal,-2.2319999999999998,1,128.21499999999997,0,0,5,17.07,-2.13,CCCCC(CC)C=O
Khellin,-3.603,1,260.24499999999995,0,3,2,61.81,-3.0210000000000004,COc2c1occc1c(OC)c3c(=O)cc(C)oc23 
5-Ethyl-5-(3-methylbutyl)barbital,-2.312,1,226.27599999999995,2,1,4,75.27000000000001,-2.658,O=C1NC(=O)NC(=O)C1(CC)CCC(C)C
Benzo(j)fluoranthene,-6.007000000000001,2,252.31599999999997,0,5,0,0.0,-8.0,c1ccc2c3c(ccc2c1)c4cccc5cccc3c45
2-Ethylbutanal,-1.5230000000000001,1,100.16099999999999,0,0,3,17.07,-1.52,CCC(CC)C=O
Dipropyl ether,-1.426,1,102.17699999999999,0,0,4,9.23,-1.62,CCCOCCC
1-Tetradecanol,-4.231,1,214.39299999999994,1,0,12,20.23,-5.84,CCCCCCCCCCCCCCO
"2,3,6-Trichlorophenol",-3.572,1,197.44799999999998,1,1,0,20.23,-2.64,Oc1c(Cl)ccc(Cl)c1Cl
Urea,0.8320000000000001,1,60.056,2,0,0,69.11,0.96,NC(=O)N
1-Pentyne,-1.446,1,68.11899999999999,0,0,1,0.0,-1.64,CCCC#C
"1,3-Dibromobenzene",-4.298,1,235.90599999999998,0,1,0,0.0,-3.54,Brc1cccc(Br)c1
1-Octadecanol,-5.649,1,270.50099999999986,1,0,16,20.23,-8.4,CCCCCCCCCCCCCCCCCCO
Acetanilide,-1.857,1,135.16599999999997,1,1,1,29.1,-1.33,CC(=O)Nc1ccccc1
hematein,-1.795,1,300.266,4,4,0,107.22000000000001,-2.7,c1cc(O)c(O)c2OCC3(O)CC4=CC(=O)C(O)=CC4=C3c21
Isonazid,-0.7170000000000001,1,137.14200000000002,2,1,1,68.01,0.009000000000000001,c1nccc(C(=O)NN)c1
hydroxychlordene,-4.156000000000001,1,354.8749999999999,1,3,0,20.23,-5.46,OC1C=CC2C1C3(Cl)C(=C(Cl)C2(Cl)C3(Cl)Cl)Cl 
Isopentyl formate,-1.449,1,116.15999999999998,0,0,4,26.3,-1.52,CC(C)CCOC=O
Acetophenone,-2.0780000000000003,1,120.15099999999995,0,1,1,17.07,-1.28,CC(=O)c1ccccc1
biquinoline,-4.9030000000000005,2,256.308,0,4,1,25.78,-5.4,c2ccc1nc(ccc1c2)c4ccc3ccccc3n4 
Triethyl phosphate,-0.953,1,182.15599999999998,0,0,6,44.760000000000005,0.43,CCOP(=O)(OCC)OCC
D-fenchone,-2.158,1,152.237,0,2,0,17.07,-1.85,CC2(C)C1CCC(C)(C1)C2=O
7-methoxypteridine,-1.589,1,162.152,0,2,1,60.790000000000006,-0.91,COc2cnc1cncnc1n2
Chlordene,-5.152,1,338.876,0,3,0,0.0,-5.64,ClC2=C(Cl)C3(Cl)C1C=CCC1C2(Cl)C3(Cl)Cl 
2-Nitropropane,-0.743,1,89.094,0,0,1,43.14,-0.62,CC(C)N(=O)=O
Carbazole,-3.8360000000000003,2,167.21099999999998,1,3,0,15.79,-5.27,c1ccc2c(c1)[nH]c3ccccc32
Erythritol,0.675,1,122.11999999999999,4,0,3,80.92,0.7,OCC(O)C(O)CO
Risocaine,-2.7089999999999996,1,179.21899999999997,1,1,3,52.32,-2.452,CCCOC(=O)c1ccc(N)cc1
Azodrin,-0.9490000000000001,1,223.16499999999996,1,0,5,73.86,0.6509999999999999,CNC(=O)C=C(C)OP(=O)(OC)OC
Succinimide,0.282,1,99.089,1,1,0,46.17,0.3,O=C1CCC(=O)N1
"2,3-Dimethylpentane",-2.938,1,100.20499999999998,0,0,2,0.0,-4.28,CCC(C)C(C)C
bupirimate,-3.4930000000000003,1,316.4270000000001,1,1,8,84.42,-4.16,CCCCc1c(C)nc(NCC)nc1OS(=O)(=O)N(C)C 
RTI 16,-3.411,1,270.361,0,3,1,32.260000000000005,-4.6339999999999995,CCN2c1ncccc1N(C)C(=S)c3cccnc23 
RTI 9,-3.784,1,239.274,0,3,1,29.54,-3.68,O2c1ccccc1N(CC)C(=O)c3ccccc23 
Tetrahydropyran ,-0.978,2,86.134,0,1,0,9.23,-0.03,C1CCOCC1
1-Heptyne,-2.155,1,96.17299999999999,0,0,3,0.0,-3.01,CCCCCC#C
osthole,-4.0760000000000005,1,244.28999999999994,0,2,3,39.44,-4.314,c1cc2ccc(OC)c(CC=C(C)(C))c2oc1=O 
3-Methylcholanthrene,-6.311,1,268.3589999999999,0,5,0,0.0,-7.92,c1cc(C)cc2c1c3cc4cccc5CCc(c45)c3cc2
Ethyl benzoate ,-2.775,1,150.177,0,1,2,26.3,-2.32,CCOC(=O)c1ccccc1
1-Chloro-2-methylpropane,-1.9240000000000002,1,92.569,0,0,1,0.0,-2.0,ClCC(C)C
Ethinyl estradiol,-4.317,1,296.41,2,4,0,40.46,-4.3,CC34CCC1C(CCc2cc(O)ccc12)C3CCC4(O)C#C 
methyl laurate,-4.025,1,214.34899999999996,0,0,10,26.3,-4.69,CCCCCCCCCCCC(=O)OC
Di-n-propylsulfide,-2.307,1,118.24499999999999,0,0,4,0.0,-2.58,CCCSCCC
Napthacene,-5.568,2,228.29399999999998,0,4,0,0.0,-8.6,c1ccc2cc3cc4ccccc4cc3cc2c1
1-Bromopentane,-2.658,1,151.047,0,0,3,0.0,-3.08,CCCCCBr
trans-2-Heptene ,-2.784,1,98.18899999999998,0,0,3,0.0,-3.82,CCCC/C=C/C
Metranidazole,-0.8590000000000001,1,171.15599999999998,1,1,3,81.19,-1.26,Cc1ncc(N(=O)=O)n1CCO 
Pentylcyclopentane,-3.8689999999999998,1,140.26999999999998,0,1,4,0.0,-6.08,CCCCCC1CCCC1
"2,2',3,5,5',6-PCB",-7.261,1,360.88200000000006,0,2,1,0.0,-7.42,Clc1ccc(Cl)c(c1)c2c(Cl)c(Cl)cc(Cl)c2Cl 
5-Ethyl-5-isopropylbarbituric acid,-1.6030000000000002,1,198.22199999999998,2,1,2,75.27000000000001,-2.148,O=C1NC(=O)NC(=O)C1(CC)C(C)C
"1,1,1-Trichloroethane",-2.2319999999999998,1,133.405,0,0,0,0.0,-2.0,CC(Cl)(Cl)Cl
Monolinuron,-2.948,1,214.652,1,1,2,41.57,-2.57,CON(C)C(=O)Nc1ccc(Cl)cc1
Cyclohexyl-5-spirobarbituric acid,-1.405,1,196.206,2,2,0,75.27,-3.06,O=C2NC(=O)C1(CCCCC1)C(=O)N2
dimetan,-2.3040000000000003,1,211.26099999999994,0,1,1,46.61,-0.85,CN(C)C(=O)OC1=CC(=O)CC(C)(C)C1 
4-Bromotoluene,-3.667,1,171.03700000000003,0,1,0,0.0,-3.19,Cc1ccc(Br)cc1
Diethyl ether ,-0.718,1,74.123,0,0,2,9.23,-0.09,CCOCC
Rovral,-4.004,1,330.17100000000005,1,2,2,69.72,-4.376,CC(C)NC(=O)N1CC(=O)N(C1=O)c2cc(Cl)cc(Cl)c2
Benfluralin,-5.205,1,335.28200000000004,0,1,7,89.51999999999998,-5.53,CCCCN(CC)c1c(cc(cc1N(=O)=O)C(F)(F)F)N(=O)=O
"2,4,6-Trimethylphenol",-2.9410000000000003,1,136.194,1,1,0,20.23,-2.05,Cc1cc(C)c(O)c(C)c1
Benzene ,-2.418,2,78.11399999999999,0,1,0,0.0,-1.64,c1ccccc1
p-Chloroiodobenzene,-4.3839999999999995,1,238.45499999999998,0,1,0,0.0,-4.03,Clc1ccc(I)cc1
Metoxuron,-2.6830000000000003,1,228.67899999999997,1,1,2,41.57,-2.5639999999999996,COc1ccc(NC(=O)N(C)C)cc1Cl
propachlor,-3.0180000000000002,1,211.69200000000004,0,1,3,20.310000000000002,-2.48,CC(C)N(C(=O)CCl)c1ccccc1 
Styrene,-2.85,1,104.15199999999997,0,1,1,0.0,-2.82,C=Cc1ccccc1
Dimethoxymethane,0.092,1,76.095,0,0,2,18.46,0.48,COCOC
o-Xylene ,-3.0039999999999996,1,106.16799999999999,0,1,0,0.0,-2.8,Cc1ccccc1C
Butan-2-ol,-0.616,1,74.12299999999999,1,0,1,20.23,0.47,CCC(C)O
"1,4-Benzenediol",-1.59,1,110.11199999999998,2,1,0,40.46,-0.17,Oc1ccc(O)cc1
estriol,-3.858,1,288.387,3,4,0,60.69,-4.955,CC34CCC1C(CCc2cc(O)ccc12)C3CC(O)C4O 
Benzo(b)fluorene,-5.189,2,216.283,0,4,0,0.0,-8.04,C1c2ccccc2c3cc4ccccc4cc13
hydantoin,0.603,1,100.077,2,1,0,58.2,-0.4,O=C1CNC(=O)N1 
4-hexylresorcinol,-3.4930000000000003,1,194.27399999999992,2,1,5,40.46,-2.59,c1(O)cc(O)ccc1CCCCCC
allicin,-2.045,1,162.27899999999997,0,0,5,17.07,-0.83,C=CCS(=O)SCC=C
Coumaphos,-5.04,1,362.77100000000013,0,2,6,57.9,-5.382000000000001,CCOP(=S)(OCC)Oc2ccc1oc(=O)c(Cl)c(C)c1c2
"5,6-Dimethylchrysene",-6.265,1,256.348,0,4,0,0.0,-7.01,Cc1c(C)c2c3ccccc3ccc2c4ccccc14
Betamethasone-17-valerate,-5.062,1,476.5850000000002,2,4,6,100.90000000000002,-4.71,CCCCC(=O)OC3(C(C)CC4C2CCC1=CC(=O)C=CC1(C)C2(F)C(O)CC34C)C(=O)CO
uric acid,-0.541,1,168.112,4,2,0,114.36999999999998,-3.93,O=c2[nH]c(=O)c1[nH]c(=O)[nH]c1[nH]2 
"2,3,4,6-Tetrachlorophenol",-4.203,1,231.89299999999997,1,1,0,20.23,-3.1,Oc1c(Cl)cc(Cl)c(Cl)c1Cl
"1,3-Dichlorobenzene",-3.5580000000000003,1,147.004,0,1,0,0.0,-3.04,Clc1cccc(Cl)c1
DDT,-6.638,1,354.491,0,2,2,0.0,-7.15,Clc1ccc(cc1)C(c2ccc(Cl)cc2)C(Cl)(Cl)Cl
Isobutyl formate,-1.095,1,102.13299999999998,0,0,3,26.3,-1.01,CC(C)COC=O
thioanisole,-2.87,1,124.208,0,1,1,0.0,-2.39,c1ccccc1SC
RTI 13,-4.45,1,322.29,1,3,1,58.120000000000005,-4.207,CCN2c1nc(C)cc(C(F)(F)F)c1NC(=O)c3cccnc23 
Hexane ,-2.615,1,86.178,0,0,3,0.0,-3.84,CCCCCC
methyl nicotinate,-1.621,1,137.138,0,1,1,39.19,-0.46,COC(=O)c1cccnc1 
Bendroflumethiazide,-3.741,1,421.4220000000001,3,3,3,118.35999999999999,-3.59,NS(=O)(=O)c3cc2c(NC(Cc1ccccc1)NS2(=O)=O)cc3C(F)(F)F
"2,3,3',4,4',5-PCB",-7.425,1,360.88200000000006,0,2,1,0.0,-7.82,Clc1ccc(cc1Cl)c2cc(Cl)c(Cl)c(Cl)c2Cl 
Vinclozolin,-4.377,1,286.11400000000003,0,2,2,46.61,-4.925,CC1(OC(=O)N(C1=O)c2cc(Cl)cc(Cl)c2)C=C
Cyanazine,-2.49,1,240.698,2,1,4,86.52,-3.15,CCNc1nc(Cl)nc(NC(C)(C)C#N)n1
Triphenylene,-5.568,2,228.29399999999998,0,4,0,0.0,-6.726,c1ccc2c(c1)c3ccccc3c4ccccc24
Dienestrol,-4.775,1,266.34,2,2,3,40.46,-4.95,CC=C(C(=CC)c1ccc(O)cc1)c2ccc(O)cc2
Di(2-ethylhexyl)-phthalate,-7.117000000000001,1,390.5640000000003,0,1,14,52.60000000000001,-6.96,CCCCC(CC)COC(=O)c1ccccc1C(=O)OCC(CC)CCCC
2-Ethyl pyridine,-2.051,1,107.15599999999998,0,1,1,12.89,0.51,CCc1ccccn1
Naled,-3.548,1,380.784,0,0,5,44.760000000000005,-2.28,COP(=O)(OC)OC(Br)C(Cl)(Cl)Br
Biphenyl,-4.079,2,154.21199999999996,0,2,1,0.0,-4.345,c1ccc(cc1)c2ccccc2
"2,2',4,4',6,6'-PCB",-7.178999999999999,1,360.88200000000006,0,2,1,0.0,-8.71,Clc1cc(Cl)c(c(Cl)c1)c2c(Cl)cc(Cl)cc2Cl 
Altretamine,-2.492,1,210.285,0,1,3,48.39000000000001,-3.364,CN(C)c1nc(nc(n1)N(C)C)N(C)C
"2,4-Dimethyl-2-pentanol ",-1.6469999999999998,1,116.20399999999998,1,0,2,20.23,-0.92,CC(C)CC(C)(C)O
Cycloheptyl-5-spirobarbituric acid,-1.844,1,210.23299999999998,2,2,0,75.27,-3.168,O=C2NC(=O)C1(CCCCCC1)C(=O)N2 
Fructose,0.47100000000000003,1,180.156,5,1,2,110.38000000000001,0.64,OCC1OC(O)(CO)C(O)C1O
"3,5-Dimethylphenol",-2.6519999999999997,1,122.16699999999997,1,1,0,20.23,-1.4,Cc1cc(C)cc(O)c1
Barban,-4.16,1,258.104,1,1,2,38.33,-4.37,ClCC#CCOC(=O)Nc1cccc(Cl)c1
p-Chloroacetanilide,-2.642,1,169.611,1,1,1,29.1,-2.843,CC(=O)Nc1ccc(Cl)cc1
"2,2',3,4,5,5',6-PCB",-7.898,1,395.3270000000001,0,2,1,0.0,-8.94,Clc1ccc(Cl)c(c1)c2c(Cl)c(Cl)c(Cl)c(Cl)c2Cl
"2,2-Dimethylbutane",-2.5839999999999996,1,86.17799999999998,0,0,0,0.0,-3.55,CCC(C)(C)C
N-Methylaniline ,-2.097,1,107.15599999999998,1,1,1,12.03,-1.28,CNc1ccccc1
"1,4-Pentadiene ",-1.758,1,68.119,0,0,2,0.0,-2.09,C=CCC=C
Hydrocortisone 21-acetate,-3.6919999999999997,1,404.5030000000002,2,4,3,100.90000000000002,-4.88,CC(=O)OCC(=O)C1(O)CCC2C3CCC4=CC(=O)CCC4(C)C3C(O)CC21C
DNOC,-2.818,1,198.134,1,1,2,106.51000000000002,-1.456,Cc1cc(cc(N(=O)=O)c1O)N(=O)=O
Lorazepam,-3.75,1,321.163,2,3,1,61.690000000000005,-3.6039999999999996,OC3N=C(c1ccccc1Cl)c2cc(Cl)ccc2NC3=O
3-Chlorophenol,-2.761,1,128.558,1,1,0,20.23,-0.7,Oc1cccc(Cl)c1
m-Chlorobromobenzene,-3.928,1,191.45499999999998,0,1,0,0.0,-3.21,Clc1cccc(Br)c1
chlorothiazide,-1.7519999999999998,1,295.72900000000004,2,2,1,118.69,-3.05,NS(=O)(=O)c2cc1c(N=CNS1(=O)=O)cc2Cl 
5-Methyl-5-ethylbarbituric acid,-0.9109999999999999,1,170.16799999999998,2,1,1,75.27000000000001,-1.228,O=C1NC(=O)NC(=O)C1(C)CC
2-Phenoxyethanol,-1.761,1,138.16599999999997,1,1,3,29.46,-0.7,OCCOc1ccccc1
Diphenylmethane,-4.09,2,168.239,0,2,2,0.0,-4.08,C(c1ccccc1)c2ccccc2
3-Octanol,-2.033,1,130.23099999999997,1,0,5,20.23,-1.98,CCCCCC(O)CC
Flumetralin,-6.584,1,421.7340000000001,0,2,6,89.51999999999998,-6.78,CCN(Cc1c(F)cccc1Cl)c2c(cc(cc2N(=O)=O)C(F)(F)F)N(=O)=O
Propazine,-3.3289999999999997,1,229.71500000000003,2,1,4,62.730000000000004,-4.43,CC(C)Nc1nc(Cl)nc(NC(C)C)n1
2-Methylpentanol,-1.381,1,102.17699999999999,1,0,3,20.23,-1.11,CCCC(C)CO
2-Methyl-2-hexanol,-1.663,1,116.20399999999998,1,0,3,20.23,-1.08,CCCCC(C)(C)O
Ethylbenzene,-2.988,1,106.16799999999996,0,1,1,0.0,-2.77,CCc1ccccc1
5-(3-Methyl-2-butenyl)-5-ethylbarbital,-2.126,1,224.25999999999996,2,1,3,75.27000000000001,-2.253,O=C1NC(=O)NC(=O)C1(CC)CC=C(C)C
Heptachlor,-5.26,1,373.3209999999999,0,3,0,0.0,-6.317,ClC1C=CC2C1C3(Cl)C(=C(Cl)C2(Cl)C3(Cl)Cl)Cl
butallylonal,-2.766,1,303.156,2,1,4,75.27000000000001,-2.647,CCC(C)C1(CC(Br)=C)C(=O)NC(=O)NC1=O 
Fenpropathrin,-6.15,1,349.43000000000006,0,3,5,59.32000000000001,-6.025,CC1(C)C(C(=O)OC(C#N)c2cccc(Oc3ccccc3)c2)C1(C)C
Methoprene,-4.795,1,310.47800000000007,0,0,10,35.53,-5.19,COC(C)(C)CCCC(C)CC=CC(C)=CC(=O)OC(C)C
Ethyl propionate,-1.1909999999999998,1,102.133,0,0,2,26.3,-0.66,CCOC(=O)CC
Prometryn,-3.693,1,241.364,2,1,5,62.730000000000004,-4.1,CSc1nc(NC(C)C)nc(NC(C)C)n1
Buturon,-3.199,1,236.702,1,1,2,32.34,-3.9,CC(C#C)N(C)C(=O)Nc1ccc(Cl)cc1
"2,3-Dimethylnaphthalene",-4.1160000000000005,1,156.22799999999998,0,2,0,0.0,-4.72,Cc1cc2ccccc2cc1C
"2,4',5-PCB",-5.7620000000000005,1,257.547,0,2,1,0.0,-6.25,Clc1ccc(cc1)c2cc(Cl)ccc2Cl 
"2,3',4,4',5-PCB",-7.343,1,360.88200000000006,0,2,1,0.0,-7.39,Clc1ccc(c(Cl)c1)c2cc(Cl)c(Cl)c(Cl)c2Cl 
2-cyanoguanidine,0.361,1,84.082,2,0,0,88.19,-0.31,NC(N)=NC#N 
Chloropicrin,-1.8659999999999999,1,164.375,0,0,0,43.14,-2.0,ClC(Cl)(Cl)N(=O)=O
"2,6-PCB",-4.984,1,223.102,0,2,1,0.0,-5.21,Clc1cccc(Cl)c1c2ccccc2 
p-Methoxybenzaldehyde,-2.252,1,136.14999999999998,0,1,2,26.3,-1.49,COc1ccc(C=O)cc1
4-Nitroacetanilide,-2.219,1,180.16299999999998,1,1,2,72.24000000000001,-2.6919999999999997,CC(=O)Nc1ccc(cc1)N(=O)=O
Ethyl heptanoate,-2.608,1,158.24099999999999,0,0,6,26.3,-2.74,CCCCCCC(=O)OCC
p-Hydroxyacetanilide,-1.495,1,151.165,2,1,1,49.33,-1.03,CC(=O)Nc1ccc(O)cc1
indazole,-2.34,2,118.13899999999998,1,2,0,28.68,-2.16,c2ccc1[nH]ncc1c2 
triamcinolone acetonide,-3.928,1,434.50400000000025,2,5,2,93.06000000000002,-4.31,CC5(C)OC4CC3C2CCC1=CC(=O)C=CC1(C)C2(F)C(O)CC3(C)C4(O5)C(=O)CO 
guanine,-0.67,1,151.129,3,2,0,100.44999999999999,-3.583,Nc2nc1[nH]cnc1c(=O)[nH]2 
Methyl acetate,-0.41600000000000004,1,74.07900000000001,0,0,0,26.3,0.46,COC(=O)C
Stanolone,-3.8819999999999997,1,290.44699999999995,1,4,0,37.3,-4.743,CC34CCC1C(CCC2CC(=O)CCC12C)C3CCC4O 
1-Hexene-3-ol,-1.199,1,100.16099999999999,1,0,3,20.23,-0.59,CCCC(O)C=C
norbormide,-4.238,1,511.5810000000002,2,7,5,92.18,-3.931,OC(C1=CC2C5C(C1C2=C(c3ccccc3)c4ccccn4)C(=O)NC5=O)(c6ccccc6)c7ccccn7 
Dibutyl ether ,-2.135,1,130.231,0,0,6,9.23,-1.85,CCCCOCCCC
1-Dodecanol,-3.523,1,186.33899999999997,1,0,10,20.23,-4.8,CCCCCCCCCCCCO
RTI 6,-3.335,1,313.36100000000005,2,3,4,81.59000000000002,-3.36,CCN2c1nc(N(C)(CCO))ccc1NC(=O)c3cccnc23 
2-Methyl-2-pentanol,-1.308,1,102.17699999999998,1,0,2,20.23,-0.49,CCCC(C)(C)O
Flucytosine,-0.132,1,129.09399999999997,2,1,0,71.77,-0.972,Nc1nc(=O)[nH]cc1F
stadacaine,-5.127999999999999,1,293.40700000000004,0,1,9,38.77,-3.84,CCCCOc1ccc(C(=O)OCC)c(c1)N(CC)CC 
2-Methyl-2-heptanol,-2.017,1,130.231,1,0,4,20.23,-1.72,CCCCCC(C)(C)O
Hexamethylbenzene,-4.361000000000001,1,162.27599999999998,0,1,0,0.0,-5.23,Cc1c(C)c(C)c(C)c(C)c1C
Thymol,-3.1289999999999996,1,150.22099999999998,1,1,1,20.23,-2.22,CC(C)c1ccc(C)cc1O
Pteridine,-0.9059999999999999,2,132.12599999999998,0,2,0,51.56,0.02,c2cnc1ncncc1n2
Parathion,-3.949,1,291.26500000000004,0,1,7,70.83000000000001,-4.66,CCOP(=S)(OCC)Oc1ccc(cc1)N(=O)=O
Methane,-0.636,0,16.043,0,0,0,0.0,-0.9,C
indoline,-2.195,2,119.16699999999999,1,2,0,12.03,-1.04,c2ccc1NCCc1c2 
1-Nitronapthalene,-3.4139999999999997,1,173.171,0,2,1,43.14,-3.54,O=N(=O)c1cccc2ccccc12
3-Methyl-2-pentanone,-1.266,1,100.16099999999999,0,0,2,17.07,-0.67,CCC(C)C(=O)C
isoguanine,-1.74,1,151.129,3,2,0,100.71000000000001,-3.4010000000000002,Nc1nc(O)nc2nc[nH]c12 
bromadiolone,-7.877000000000001,1,527.4140000000002,2,5,6,70.67,-4.445,OC(CC(c1ccccc1)c3c(O)c2ccccc2oc3=O)c4ccc(cc4)c5ccc(Br)cc5 
Nitromethane,-0.042,1,61.040000000000006,0,0,0,43.14,0.26,CN(=O)=O
Triallate,-4.578,1,304.66999999999996,0,0,4,20.310000000000002,-4.88,CC(C)N(C(C)C)C(=O)SCC(Cl)=C(Cl)Cl
"1,5-Hexadiene ",-2.112,1,82.14599999999999,0,0,3,0.0,-2.68,C=CCCC=C
Indole,-2.654,2,117.15099999999997,1,2,0,15.79,-1.52,c2ccc1[nH]ccc1c2
Androstenedione,-3.3930000000000002,1,286.415,0,4,0,34.14,-3.69,CC34CCC1C(CCC2=CC(=O)CCC12C)C3CCC4=O
1-Hexene,-2.364,1,84.16199999999999,0,0,3,0.0,-3.23,CCCCC=C
Xipamide,-3.642,1,354.8150000000001,3,2,3,109.48999999999998,-3.79,Cc1cccc(C)c1NC(=O)c2cc(c(Cl)cc2O)S(N)(=O)=O
Ethylcyclohexane,-3.245,1,112.21600000000001,0,1,1,0.0,-4.25,CCC1CCCCC1
2-Nonanone,-2.263,1,142.242,0,0,6,17.07,-2.58,CCCCCCCC(=O)C
Mebendazole,-4.118,1,295.298,2,3,3,84.07999999999998,-3.88,COC(=O)Nc2nc1ccc(cc1[nH]2)C(=O)c3ccccc3
Chloropham,-3.5439999999999996,1,213.66400000000002,1,1,2,38.33,-3.38,CC(C)OC(=O)Nc1cccc(Cl)c1
RTI 12,-3.446,1,288.73800000000006,0,3,1,49.330000000000005,-4.114,CCN2c1nc(Cl)ccc1N(C)C(=O)c3cccnc23 
Carbaryl,-3.0869999999999997,1,201.225,1,2,1,38.33,-3.2239999999999998,CNC(=O)Oc1cccc2ccccc12
Ethyne,-0.252,1,26.037999999999997,0,0,0,0.0,0.29,C#C
"3,5-Dimethylpyridine",-2.0980000000000003,1,107.15599999999998,0,1,0,12.89,0.38,Cc1cncc(C)c1
"1,4-Cyclohexadiene",-1.8419999999999999,2,80.12999999999998,0,1,0,0.0,-2.06,C1C=CCC=C1
Mecarbam,-3.738,1,329.3800000000001,0,0,8,65.07000000000001,-2.5180000000000002,CCOC(=O)N(C)C(=O)CSP(=S)(OCC)OCC
1-Phenylethanol,-1.919,1,122.16699999999996,1,1,1,20.23,-0.92,CC(O)c1ccccc1
"1,2-Dichloropropane",-1.794,1,112.98700000000001,0,0,1,0.0,-1.6,CC(Cl)CCl
2-Ethyl-2-hexanal,-2.081,1,126.19899999999998,0,0,4,17.07,-2.46,CCCC=C(CC)C=O
Disulfoton,-3.975,1,274.413,0,0,9,18.46,-4.23,CCOP(=S)(OCC)SCCSCC
methyltestosterone acetate,-4.863,1,344.4950000000001,0,4,1,43.370000000000005,-5.284,CC(=O)OC3(C)CCC4C2CCC1=CC(=O)CCC1(C)C2CCC34C 
"2,4,6-PCB",-5.604,1,257.547,0,2,1,0.0,-6.14,Clc1ccc(cc1)c2c(Cl)cccc2Cl 
difluron,-4.692,1,310.687,2,2,2,58.2,-6.02,Fc1cccc(F)c1C(=O)NC(=O)Nc2ccc(Cl)cc2
Triclosan,-5.645,1,289.54499999999996,1,2,2,29.46,-4.46,Oc1cc(Cl)ccc1Oc2ccc(Cl)cc2Cl
diisooctyl phthalate,-7.117000000000001,1,390.5640000000002,0,1,14,52.60000000000001,-6.6370000000000005,c1(C(=O)OCCCCCC(C)(C))c(C(=O)OCCCCCC(C)(C))cccc1
Corticosterone,-3.4539999999999997,1,346.46700000000016,2,4,2,74.6,-3.24,CC12CC(O)C3C(CCC4=CC(=O)CCC34C)C2CCC1C(=O)CO
"1,3,5-Trimethylbenzene ",-3.375,1,120.19499999999998,0,1,0,0.0,-3.4,Cc1cc(C)cc(C)c1
dioctyl phthalate,-7.148,1,390.56400000000036,0,1,16,52.60000000000001,-5.115,CCCCCCCCOC(=O)c1ccccc1C(=O)OCCCCCCCC 
1-Pentadecanol,-4.586,1,228.41999999999993,1,0,13,20.23,-6.35,CCCCCCCCCCCCCCCO
"2,2',6,6'-PCB",-5.915,1,291.99199999999996,0,2,1,0.0,-7.39,Clc1cccc(Cl)c1c2c(Cl)cccc2Cl 
"5,5-Dimethylbarbituric acid",-0.556,1,156.141,2,1,0,75.27000000000001,-1.742,O=C1NC(=O)NC(=O)C1(C)C
2-Iodopropane,-2.4859999999999998,1,169.993,0,0,0,0.0,-2.09,CC(C)I
"1,2-Dinitrobenzene",-2.281,1,168.10799999999995,0,1,2,86.28,-3.1,O=N(=O)c1ccccc1N(=O)=O
3-Methyl-2-butanone,-0.912,1,86.13399999999999,0,0,1,17.07,-0.12,CC(C)C(=O)C
Hexadecane,-6.159,1,226.44799999999992,0,0,13,0.0,-8.4,CCCCCCCCCCCCCCCC
"1,8-Cineole",-2.5789999999999997,1,154.253,0,3,0,9.23,-1.74,CC12CCC(CC1)C(C)(C)O2
Tricyclazole,-2.8680000000000003,1,189.24300000000002,0,3,0,30.19,-2.07,Cc2cccc3sc1nncn1c23 
2-Octanone,-1.909,1,128.21499999999997,0,0,5,17.07,-2.05,CCCCCCC(=O)C
Methyl nonanoate,-2.9619999999999997,1,172.268,0,0,7,26.3,-3.38,CCCCCCCCC(=O)OC
"1,4-Difluorobenzene",-2.636,1,114.094,0,1,0,0.0,-1.97,Fc1ccc(F)cc1
Thalidomide,-1.944,1,258.233,1,3,1,83.55000000000001,-2.676,O=C1N(C2CCC(=O)NC2=O)C(=O)c3ccccc13
Trifluralin,-5.205,1,335.28200000000004,0,1,7,89.51999999999998,-5.68,CCCN(CCC)c1c(cc(cc1N(=O)=O)C(F)(F)F)N(=O)=O
Ethanol,0.02,1,46.069,1,0,0,20.23,1.1,CCO
Cyclopentyl-5-spirobarbituric acid,-0.966,1,182.179,2,2,0,75.27,-2.349,O=C2NC(=O)C1(CCCC1)C(=O)N2
Carbetamide,-2.29,1,236.271,2,1,4,67.42999999999999,-1.83,c1c(NC(=O)OC(C)C(=O)NCC)cccc1
phenothrin,-6.763,1,350.4580000000001,0,3,6,35.53,-5.24,CC(C)=CC3C(C(=O)OCc2cccc(Oc1ccccc1)c2)C3(C)C 
Cycluron,-2.6289999999999996,1,198.30999999999992,1,1,1,32.34,-2.218,CN(C)C(=O)NC1CCCCCCC1
Mirex,-6.155,1,545.5460000000002,0,6,0,0.0,-6.8,ClC1(C2(Cl)C3(Cl)C4(Cl)C5(Cl)C1(Cl)C3(Cl)Cl)C5(Cl)C(Cl)(Cl)C24Cl
1-Bromooctane,-3.721,1,193.128,0,0,6,0.0,-5.06,CCCCCCCCBr
Benomyl,-2.9019999999999997,1,290.323,2,2,4,85.25,-4.883,CCCCNC(=O)n1c(NC(=O)OC)nc2ccccc12
aminopyrine,-2.129,1,231.299,0,2,2,30.17,-0.364,CN(C)c2c(C)n(C)n(c1ccccc1)c2=O 
3-Pentanol,-0.97,1,88.15,1,0,2,20.23,-0.24,CCC(O)CC
p-Nitrotoluene,-2.64,1,137.138,0,1,1,43.14,-2.49,Cc1ccc(cc1)N(=O)=O
4-Methylpentanol,-1.381,1,102.17699999999999,1,0,3,20.23,-1.14,CC(C)CCCO
Norethisterone,-2.6689999999999996,1,314.42500000000007,2,4,0,57.53,-4.57,CC34CCC1C(CCC2=CC(=O)CCC12O)C3CCC4(O)C#C
bromopropylate,-5.832999999999999,1,428.12000000000006,1,2,4,46.53,-4.93,CC(C)OC(=O)C(O)(c1ccc(Br)cc1)c2ccc(Br)cc2 
Pyrazon,-2.603,1,221.647,1,2,1,60.91,-2.878,Nc2cnn(c1ccccc1)c(=O)c2Cl
2-Methylbutan-2-ol,-0.9540000000000001,1,88.14999999999998,1,0,1,20.23,0.15,CCC(C)(C)O
p-Cresol,-2.313,1,108.13999999999999,1,1,0,20.23,-0.73,Cc1ccc(O)cc1
Ethyl formate,-0.402,1,74.07900000000001,0,0,2,26.3,0.15,CCOC=O
"N,N-Dimethylaniline",-2.542,1,121.18299999999995,0,1,1,3.24,-1.92,CN(C)c1ccccc1
Decalin,-3.715,2,138.254,0,2,0,0.0,-5.19,C1CCC2CCCCC2C1
Butanethiol ,-1.676,1,90.19099999999999,1,0,2,0.0,-2.18,CCCCS
Benzo(e)pyrene,-6.007000000000001,2,252.31599999999997,0,5,0,0.0,-7.8,c1ccc2c(c1)c3cccc4ccc5cccc2c5c43
Tetrachloroethylene,-3.063,1,165.834,0,0,0,0.0,-2.54,ClC(=C(Cl)Cl)Cl
3-Pentanone,-0.912,1,86.134,0,0,2,17.07,-0.28,CCC(=O)CC
Acrylonitrile,-0.354,1,53.06399999999999,0,0,0,23.79,0.15,C=CC#N
Flumethasone,-3.5389999999999997,1,410.4570000000002,3,4,2,94.83,-5.6129999999999995,CC1CC2C3CC(F)C4=CC(=O)C=CC4(C)C3(F)C(O)CC2(C)C1(O)C(=O)CO
2-Hexanone,-1.2,1,100.16099999999999,0,0,3,17.07,-0.8,CCCCC(=O)C
Terbumeton,-3.505,1,225.296,2,1,4,71.96000000000001,-3.239,CCNc1nc(NC(C)(C)C)nc(OC)n1
3-Methylheptane,-3.3080000000000003,1,114.23199999999999,0,0,4,0.0,-5.16,CCCCC(C)CC
"1,2-Dibromoethane",-2.102,1,187.862,0,0,1,0.0,-1.68,BrCCBr
Isoprocarb,-2.734,1,193.24599999999998,1,1,2,38.33,-2.863,CNC(=O)Oc1ccccc1C(C)C
Niridazole,-1.9480000000000002,1,214.20600000000002,1,2,2,88.37,-3.22,O=C1NCCN1c2ncc(s2)N(=O)=O
Benzo(a)fluorene,-5.189,2,216.283,0,4,0,0.0,-6.68,C1c2ccccc2c3ccc4ccccc4c13
2-Chloroanisole,-2.912,1,142.58499999999998,0,1,1,9.23,-2.46,COc1ccccc1Cl
Bromophos,-5.604,1,366.0,0,1,4,27.69,-6.09,COP(=S)(OC)Oc1cc(Cl)c(Br)cc1Cl
Quinonamid,-3.988,1,332.57000000000005,1,2,3,63.24,-5.03,ClC(Cl)CC(=O)NC2=C(Cl)C(=O)c1ccccc1C2=O
"P,P'-DDD",-6.007999999999999,1,320.04600000000005,0,2,3,0.0,-7.2,ClC(Cl)C(c1ccc(Cl)cc1)c2ccc(Cl)cc2 
Methyl acrylate,-0.878,1,86.09,0,0,1,26.3,-0.22,COC(=O)C=C
Chloroxuron,-4.477,1,290.75,1,2,3,41.57000000000001,-4.89,CN(C)C(=O)Nc2ccc(Oc1ccc(Cl)cc1)cc2
Azobenzene,-4.034,2,182.226,0,2,2,24.72,-4.45,N(=Nc1ccccc1)c2ccccc2
4-Isopropyltoluene,-3.617,1,134.22199999999998,0,1,1,0.0,-3.77,CC(C)c1ccc(C)cc1
"2,6-Dichlorophenol",-3.012,1,163.003,1,1,0,20.23,-1.79,Oc1c(Cl)cccc1Cl
Sucrose,0.31,1,342.297,8,2,5,189.52999999999997,0.79,OCC2OC(OC1(CO)OC(CO)C(O)C1O)C(O)C(O)C2O 
d-inositol,-0.887,1,180.156,6,1,0,121.38000000000001,0.35,OC1C(O)C(O)C(O)C(O)C1O
Dyphylline,-0.847,1,254.24599999999995,2,2,3,102.28,-0.17,Cn2c(=O)n(C)c1ncn(CC(O)CO)c1c2=O
Chloramphenicol,-2.613,1,323.13200000000006,3,1,6,112.70000000000002,-2.1109999999999998,OCC(NC(=O)C(Cl)Cl)C(O)c1ccc(cc1)N(=O)=O
3-Ethyl-3-pentanol,-1.663,1,116.204,1,0,3,20.23,-0.85,CCC(O)(CC)CC
Epitostanol,-4.545,1,306.51500000000004,1,5,0,20.23,-5.41,CC45CCC2C(CCC3CC1SC1CC23C)C4CCC5O
"1,2-Dibromobenzene",-4.172,1,235.90599999999998,0,1,0,0.0,-3.5,Brc1ccccc1Br
"2,4,6-Trichlorophenol",-3.648,1,197.44799999999998,1,1,0,20.23,-2.34,Oc1c(Cl)cc(Cl)cc1Cl
oryzalin,-3.784,1,346.3650000000001,1,1,8,149.67999999999998,-5.16,CCCN(CCC)c1c(cc(cc1N(=O)=O)S(N)(=O)=O)N(=O)=O
RTI 20,-3.6630000000000003,1,255.29199999999997,0,3,2,20.310000000000002,-4.7989999999999995,C2c1ccccc1N(CCF)C(=O)c3ccccc23 
"2,4-Dimethyl-3-pentanone",-1.7519999999999998,1,114.18799999999997,0,0,2,17.07,-1.3,CC(C)C(=O)C(C)C
5-(3-Methyl-2-butenyl)-5-isoPrbarbital,-2.465,1,238.28699999999998,2,1,3,75.27000000000001,-2.593,O=C1NC(=O)NC(=O)C1(C(C)C)CC=C(C)C
gentisin,-1.2919999999999998,1,262.261,2,3,1,75.99000000000001,-2.943,c1c(O)C2C(=O)C3cc(O)ccC3OC2cc1(OC)
Caffeine,-1.4980000000000002,1,194.19399999999996,0,2,0,61.82,-0.8759999999999999,Cn1cnc2n(C)c(=O)n(C)c(=O)c12
Spironolactone,-3.842,1,416.58300000000025,0,5,1,60.44,-4.173,CC(=O)SC4CC1=CC(=O)CCC1(C)C5CCC2(C)C(CCC23CCC(=O)O3)C45
"3,4-Dimethylphenol",-2.6210000000000004,1,122.16699999999999,1,1,0,20.23,-1.38,Cc1ccc(O)cc1C
Diphenyl ether ,-4.254,2,170.211,0,2,2,9.23,-3.96,O(c1ccccc1)c2ccccc2
"2,2',4,4',5,5'-PCB",-7.343,1,360.88200000000006,0,2,1,0.0,-8.56,Clc1cc(Cl)c(cc1Cl)c2cc(Cl)c(Cl)cc2Cl 
nicotinamide,-0.9640000000000001,1,122.12699999999997,1,1,1,55.980000000000004,0.61,NC(=O)c1cccnc1 
Thiophenol ,-2.758,1,110.18099999999997,1,1,0,0.0,-2.12,Sc1ccccc1
XMC,-2.688,1,179.219,1,1,1,38.33,-2.5810000000000004,CNC(=O)Oc1cc(C)cc(C)c1
Chlordane,-6.039,1,409.7819999999999,0,3,0,0.0,-6.86,ClC1CC2C(C1Cl)C3(Cl)C(=C(Cl)C2(Cl)C3(Cl)Cl)Cl
Dimethyldisulfide,-1.524,1,94.20400000000001,0,0,1,0.0,-1.44,CSSC
Benzamide,-1.501,1,121.13899999999995,1,1,1,43.09,-0.96,NC(=O)c1ccccc1
o-Chlorobromobenzene,-3.84,1,191.45499999999998,0,1,0,0.0,-3.19,Clc1ccccc1Br
Monotropitoside,-1.493,1,446.40500000000003,6,3,6,184.6,-0.742,COC(=O)c1ccccc1OC2OC(COC3OCC(O)C(O)C3O)C(O)C(O)C2O
3-Heptanol ,-1.6780000000000002,1,116.20399999999998,1,0,4,20.23,-1.47,CCCCC(O)CC
RTI 15,-3.891,1,268.32,1,3,1,58.120000000000005,-4.553999999999999,CCN2c1nc(C)cc(C)c1NC(=O)c3cccnc23 
"3,5-Dichlorophenol",-3.428,1,163.003,1,1,0,20.23,-1.34,Oc1cc(Cl)cc(Cl)c1
1-Methylphenanthrene,-4.87,1,192.261,0,3,0,0.0,-5.85,Cc1cccc2c1ccc3ccccc32
2-Ethyl-1-hexanol,-2.089,1,130.231,1,0,5,20.23,-2.11,CCCCC(CC)CO
Diallate,-3.827,1,270.225,0,0,4,20.310000000000002,-4.2860000000000005,CC(C)N(C(C)C)C(=O)SCC(=CCl)Cl
Toluene ,-2.713,1,92.14099999999999,0,1,0,0.0,-2.21,Cc1ccccc1
Nitrapyrin,-3.833,1,230.909,0,1,0,12.89,-3.76,Clc1cccc(n1)C(Cl)(Cl)Cl
Cycloheptene,-2.5989999999999998,2,96.173,0,1,0,0.0,-3.18,C1CCC=CCC1
Thiram,-2.444,1,240.44400000000002,0,0,0,6.48,-3.9,CN(C)C(=S)SSC(=S)N(C)C 
Griseofulvin,-3.3280000000000003,1,352.7700000000001,0,3,3,71.06,-3.2460000000000004,COC1=CC(=O)CC(C)C13Oc2c(Cl)c(OC)cc(OC)c2C3=O
1-Decanol,-2.8139999999999996,1,158.285,1,0,8,20.23,-3.63,CCCCCCCCCCO
"3,3-Dimethylpentane",-2.938,1,100.20499999999998,0,0,2,0.0,-4.23,CCC(C)(C)CC
vamidothion,-1.446,1,287.34299999999996,1,0,8,64.63000000000001,1.1440000000000001,CNC(=O)C(C)SCCSP(=O)(OC)(OC)
"2,3,4,5-Tetrachlorophenol",-4.335,1,231.893,1,1,0,20.23,-3.15,Oc1cc(Cl)c(Cl)c(Cl)c1Cl
Butyraldehyde,-0.7490000000000001,1,72.107,0,0,2,17.07,-0.01,CCCC=O
dexamethasone acetate,-3.9330000000000003,1,434.5040000000003,2,4,3,100.9,-4.9,CC4CC3C2CCC1=CC(=O)C=CC1(C)C2(F)C(O)CC3(C)C4(O)C(=O)COC(C)=O 
Butane,-1.9069999999999998,1,58.123999999999995,0,0,1,0.0,-2.57,CCCC
o-Methoxyphenol,-1.9409999999999998,1,124.13899999999997,1,1,1,29.46,-1.96,COc1ccccc1O
Fluoromethalone,-3.5069999999999997,1,376.46800000000013,2,4,1,74.6,-4.099,CC1CC2C3CCC(O)(C(=O)C)C3(C)CC(O)C2(F)C4(C)C=CC(=O)C=C14
Pentachloroethane,-3.3819999999999997,1,202.29500000000002,0,0,0,0.0,-2.6,ClC(Cl)C(Cl)(Cl)Cl
Diethyl phthalate ,-3.016,1,222.23999999999995,0,1,4,52.60000000000001,-2.35,CCOC(=O)c1ccccc1C(=O)OCC
2-Methylpropan-1-ol,-0.672,1,74.12299999999999,1,0,1,20.23,0.1,CC(C)CO
Isobutylbenzene,-3.57,1,134.22199999999998,0,1,2,0.0,-4.12,CC(C)Cc1ccccc1
Diiodomethane,-2.958,1,267.835,0,0,0,0.0,-2.34,ICI
4-Heptanol,-1.6780000000000002,1,116.204,1,0,4,20.23,-1.4,CCCC(O)CCC
Pentyl acetate,-1.8330000000000002,1,130.18699999999998,0,0,4,26.3,-1.89,CCCCCOC(=O)C
"2,3,5,6-Tetrachlorophenol",-4.203,1,231.893,1,1,0,20.23,-3.37,Oc1c(Cl)c(Cl)cc(Cl)c1Cl
Propylbenzene ,-3.281,1,120.19499999999995,0,1,2,0.0,-3.37,CCCc1ccccc1
"1,2-Dichlorotetrafluoroethane",-2.697,1,170.92000000000002,0,0,1,0.0,-2.74,FC(F)(Cl)C(F)(F)Cl
2-butenal,-0.604,1,70.09100000000001,0,0,1,17.07,0.32,CC=CC=O
tetramethylurea,-0.495,1,116.16399999999999,0,0,0,23.550000000000004,0.94,CN(C)C(=O)N(C)C 
"1,2,4,5-Tetramethylbenzene",-3.6639999999999997,1,134.22199999999998,0,1,0,0.0,-4.59,Cc1cc(C)c(C)cc1C
norethindrone acetate,-4.2410000000000005,1,340.4630000000001,0,4,1,43.370000000000005,-4.8,CC(=O)OC3(CCC4C2CCC1=CC(=O)CCC1C2CCC34C)C#C
Ditalimfos,-3.992,1,299.28800000000007,0,2,5,55.84,-3.35,CCOP(=S)(OCC)N2C(=O)c1ccccc1C2=O
salicylanilide,-3.782,1,213.23600000000002,2,2,2,49.33,-3.59,c1ccccc1NC(=O)c2c(O)cccc2
Sulfallate,-3.2539999999999996,1,223.79399999999998,0,0,4,3.24,-3.39,CCN(CC)C(=S)SCC(Cl)=C
Chloroethane,-1.165,1,64.515,0,0,0,0.0,-1.06,ClCC
Mefluidide,-3.165,1,310.297,2,1,3,75.27000000000001,-3.24,CC(=O)Nc1cc(NS(=O)(=O)C(F)(F)F)c(C)cc1C
Piperine,-3.659,1,285.343,0,3,3,38.77,-3.46,O=C(C=CC=Cc2ccc1OCOc1c2)N3CCCCC3
cis-2-Pentene,-2.076,1,70.135,0,0,1,0.0,-2.54,CC/C=C\C
thiofanox,-2.7,1,218.32199999999997,1,0,3,50.69,-1.62,CNC(=O)ON=C(CSC)C(C)(C)C 
Cyclooctyl-5-spirobarbituric acid,-2.2840000000000003,1,224.25999999999996,2,2,0,75.27,-2.9819999999999998,O=C2NC(=O)C1(CCCCCCC1)C(=O)N2
butacarb,-4.6419999999999995,1,263.381,1,1,1,38.33,-4.24,c1(C(C)(C)C)cc(C(C)(C)C)cc(OC(=O)NC)c1
Eriodictyol,-3.1519999999999997,1,288.255,4,3,1,107.22000000000001,-3.62,Oc2cc(O)c1C(=O)CC(Oc1c2)c3ccc(O)c(O)c3
Benzophenone,-3.612,1,182.222,0,2,2,17.07,-3.12,O=C(c1ccccc1)c2ccccc2
Eicosane,-7.5760000000000005,1,282.5559999999999,0,0,17,0.0,-8.172,CCCCCCCCCCCCCCCCCCCC
hydrazobenzene,-3.492,2,184.242,2,2,3,24.06,-2.92,N(Nc1ccccc1)c2ccccc2 
2-Ethyl-1-butanol,-1.381,1,102.17699999999999,1,0,3,20.23,-1.17,CCC(CC)CO
4-hydroxypyridine,-1.655,1,95.10099999999998,1,1,0,33.120000000000005,1.02,Oc1ccncc1
"cis 1,2-Dichloroethylene",-1.561,1,96.94400000000002,0,0,0,0.0,-1.3,Cl\C=C/Cl
Methylcyclopentane,-2.452,1,84.162,0,1,0,0.0,-3.3,CC1CCCC1
4-Methyl-2-pentanol,-1.308,1,102.17699999999998,1,0,2,20.23,-0.8,CC(C)CC(C)O
RTI 11,-3.125,1,254.28900000000002,1,3,0,55.56,-3.928,O2c1ccc(N)cc1N(C)C(=O)c3cc(C)ccc23 
"2,2-Dimethylpropanol",-1.011,1,88.14999999999999,1,0,0,20.23,-0.4,CC(C)(C)CO
Triadimefon,-4.132,1,293.754,0,2,4,57.010000000000005,-3.61,CC(C)(C)C(=O)C(Oc1ccc(Cl)cc1)n2cncn2
Isocarboxazid,-2.251,1,231.25500000000002,2,2,4,67.16,-2.461,Cc1cc(no1)C(=O)NNCc2ccccc2
Propylene,-1.235,1,42.080999999999996,0,0,0,0.0,-1.08,CC=C
Dichlorophen,-4.9239999999999995,1,269.127,2,2,2,40.46,-3.9530000000000003,Oc1ccc(Cl)cc1Cc2cc(Cl)ccc2O
Desmedipham,-4.1819999999999995,1,300.314,2,2,4,76.66,-4.632,CCOC(=O)Nc2cccc(OC(=O)Nc1ccccc1)c2 
Anthraquinone,-3.34,1,208.21599999999998,0,3,0,34.14,-5.19,O=C1c2ccccc2C(=O)c3ccccc13
2-Octanol,-2.033,1,130.231,1,0,5,20.23,-2.09,CCCCCCC(C)O
Oxycarboxin,-2.169,1,267.306,1,2,2,72.47,-2.281,CC1=C(C(=O)Nc2ccccc2)S(=O)(=O)CCO1
Butylbenzene,-3.585,1,134.22199999999998,0,1,3,0.0,-4.06,CCCCc1ccccc1
parabanic acid,1.091,1,114.05999999999999,2,1,0,75.27,-0.4,O=C1NC(=O)C(=O)N1 
Abate,-6.678,1,466.47900000000016,0,2,10,55.38000000000001,-6.237,COP(=S)(OC)Oc1ccc(Sc2ccc(OP(=S)(OC)OC)cc2)cc1
Chlorthalidone,-2.5639999999999996,1,338.7720000000001,3,3,2,109.49000000000001,-3.451,NS(=O)(=O)c1cc(ccc1Cl)C2(O)NC(=O)c3ccccc23
Isobutyl acetate,-1.463,1,116.15999999999998,0,0,2,26.3,-1.21,CC(C)COC(=O)C
"2,2,3-Trimethylbutane",-2.9219999999999997,1,100.20499999999998,0,0,0,0.0,-4.36,CC(C)C(C)(C)C
"2,3,3',4,4'6-PCB",-7.746,1,395.3270000000001,0,2,1,0.0,-7.66,Clc1ccc(c(Cl)c1Cl)c2c(Cl)cc(Cl)c(Cl)c2Cl 
Phthalonitrile,-1.7169999999999999,1,128.13399999999996,0,1,0,47.58,-2.38,N#Cc1ccccc1C#N
m-Nitrotoluene,-2.64,1,137.138,0,1,1,43.14,-2.44,Cc1cccc(c1)N(=O)=O
halothane,-2.608,1,197.381,0,0,0,0.0,-1.71,FC(F)(F)C(Cl)Br 
Oxamyl,-0.9079999999999999,1,219.266,1,0,1,70.99999999999999,0.106,CNC(=O)ON=C(SC)C(=O)N(C)C
Thiometon,-3.323,1,246.35899999999998,0,0,7,18.46,-3.091,CCSCCSP(=S)(OC)OC
2-Methylbutane,-2.245,1,72.151,0,0,1,0.0,-3.18,CCC(C)C
Stirofos,-4.32,1,365.96400000000006,0,1,5,44.760000000000005,-4.522,COP(=O)(OC)OC(=CCl)c1cc(Cl)c(Cl)cc1Cl
